product_id,upc,name,brand,department,category,subcategory,aisle,assignment_reason,confidence
1336024,814668003156,KFI Vegan Cooking Sauce Coconut Curry 395 ml,KFI,,,,other,No reliable aisle rule matched,review
1336019,814668003071,KFI Vegan Cooking Sauce Tikka Masala 395 ml,KFI,,,,other,No reliable aisle rule matched,review
72157,062600500496,Aveeno Baby Daily Lotion Fragrance Free 227 ml,Aveeno Baby,Baby,Baby Bath & Skin Care,Baby Lotions & Creams,7,Baby food and supplies,high
244871,062600060402,Aveeno Baby Eczema Care Cream Fragrance-Free 166 ml,Aveeno,Baby,Baby Bath & Skin Care,Baby Lotions & Creams,7,Baby food and supplies,high
10992,062600621962,Aveeno Baby Wash & Shampoo Coconut Scent & Shea Butter 354 ml,Aveeno Baby,Baby,Baby Bath & Skin Care,Baby Shampoo & Wash,8,Cleaning and personal care,high
523179,"011111638037,011111001251",Baby Dove Baby Wash Rich Moisture 591 ml,Baby Dove,Baby,Baby Bath & Skin Care,Personal Care & Beauty,8,Cleaning and personal care,high
1100,628619880983,Baby Gourmet Baby Food Jar Apple Blueberry Crisp 113 ml,Baby Gourmet,Baby,Baby Food & Accessories,Baby Food,7,Baby food and supplies,high
358106,628619400020,Baby Gourmet Melties Organic Smoothie Melts Mixed Berry & Yogurt 23 g,Baby Gourmet,Baby,Baby Food & Accessories,Baby Food,7,Baby food and supplies,high
358103,628619400013,Baby Gourmet Organic Baby Food Fruity Greens 23 g,Baby Gourmet,Baby,Baby Food & Accessories,Baby snacks,7,Baby food and supplies,high
642911,628619800165,Baby Gourmet Organic Cereal Apple Spinach Oatmeal 208 g,Baby Gourmet,Baby,Baby Food & Accessories,Baby Food,7,Baby food and supplies,high
335308,628619100036,Baby Gourmet Organic Cereal Banana Raisin Oatmeal 227 g,Baby Gourmet,Baby,Baby Food & Accessories,Baby Food,7,Baby food and supplies,high
461019,628619100029,Baby Gourmet Organic Cereal Creamy Oatmeal 227 g,Baby Gourmet,Baby,Baby Food & Accessories,Baby Food,7,Baby food and supplies,high
343131,628619000084,Baby Gourmet Organic Meal Chicken Veggie Minestrone 128 ml,Baby Gourmet,Baby,Baby Food & Accessories,Baby Food,7,Baby food and supplies,high
358114,628619300016,Baby Gourmet Organic Meal Fruity Chicken & Brown Rice 128 ml,Baby Gourmet,Baby,Baby Food & Accessories,Baby Food,7,Baby food and supplies,high
314982,628619000558,Baby Gourmet Organic Meal Hearty Veggie & Turkey 128 ml,Baby Gourmet,Baby,Baby Food & Accessories,Baby Food,7,Baby food and supplies,high
314981,628619000015,Baby Gourmet Organic Meal Sweet Potato Apple & Chicken 128 ml,Baby Gourmet,Baby,Baby Food & Accessories,Baby Food,7,Baby food and supplies,high
314983,628619000077,Baby Gourmet Organic Meal Veggie Beef & Barley 128 ml,Baby Gourmet,Baby,Baby Food & Accessories,Baby Food,7,Baby food and supplies,high
358112,628619300030,Baby Gourmet Organic Meal Veggie Beef Bolognese & Pasta 128 ml,Baby Gourmet,Baby,Baby Food & Accessories,Baby Food,7,Baby food and supplies,high
270225,628619000619,Baby Gourmet Organic Puree Apple Sweet Potato & Berries 128 ml,Baby Gourmet,Baby,Baby Food & Accessories,Baby Food,7,Baby food and supplies,high
836792,628619200064,Baby Gourmet Organic Puree Banana Apple Kale 128 ml,Baby Gourmet,Baby,Baby Food & Accessories,Baby Food,7,Baby food and supplies,high
385694,628619200071,Baby Gourmet Organic Puree Berries Plum Carrot 128 ml,Baby Gourmet,Baby,Baby Food & Accessories,Baby Food,7,Baby food and supplies,high
397445,628619200118,Baby Gourmet Organic Puree Gingery Pear & Spinach 128 ml,Baby Gourmet,Baby,Baby Food & Accessories,Baby Food,7,Baby food and supplies,high
270213,628619000152,Baby Gourmet Organic Puree Harvest Pear Pumpkin Banana 128 ml,Baby Gourmet,Baby,Baby Food & Accessories,Baby Food,7,Baby food and supplies,high
288633,628619000589,Baby Gourmet Organic Puree Juicy Pear & Garden Greens 128 ml,Baby Gourmet,Baby,Baby Food & Accessories,Baby Food,7,Baby food and supplies,high
270255,628619000343,Baby Gourmet Organic Puree Old Fashioned Apple Crisp 128 ml,Baby Gourmet,Baby,Baby Food & Accessories,Baby Food,7,Baby food and supplies,high
270226,628619000374,Baby Gourmet Organic Puree Vanilla Banana Berry Risotto 128 ml,Baby Gourmet,Baby,Baby Food & Accessories,Baby Food,7,Baby food and supplies,high
270217,628619000060,Baby Gourmet Organic Roasted Squash & Fruit 128 ml,Baby Gourmet,Baby,Baby Food & Accessories,Baby Food,7,Baby food and supplies,high
776690,628619800844,Baby Gourmet Organic Simply Prune Puree 128 ml,Baby Gourmet,Baby,Baby Food & Accessories,Baby Food,7,Baby food and supplies,high
405351,686352805830,Baby Mum-Mum Gentle Teething Wafers Original 50 g,Baby Mum-Mum,Baby,Baby Food & Accessories,Baby snacks,7,Baby food and supplies,high
988804,627987976045,Belov Baby Cereal Oat Blend Original 180 g,Belov,Baby,Baby Food & Accessories,Baby cereals,7,Baby food and supplies,high
988806,627987976014,Belov Baby Cereal Organic Oat Blend Blueberry Coco 180 g,Belov,Baby,Baby Food & Accessories,Baby cereals,7,Baby food and supplies,high
988805,627987975994,Belov Organic Baby Cereal Apple & Cinnamon 180 g,Belov,Baby,Baby Food & Accessories,Baby cereals,7,Baby food and supplies,high
7851,850039383151,Cerebelly Canada Organic Baby Puree Beet Carrot Blueberry 128 ml,Cerebelly Canada LLC,Baby,Baby Food & Accessories,Baby Food,7,Baby food and supplies,high
8053,850039383113,Cerebelly Organic  Baby Puree  White Bean Pumpkin Apple 128 ml,Cerebelly Canada LLC,Baby,Baby Food & Accessories,Baby Food,7,Baby food and supplies,high
8084,850039383106,Cerebelly Organic Baby Puree Spinach Apple Sweet Potato 128 ml,Cerebelly Canada LLC,Baby,Baby Food & Accessories,Baby Food,7,Baby food and supplies,high
8052,850039383120,Cerebelly Organic Baby Puree Sweet Potato Mango 128 ml,Cerebelly Canada LLC,Baby,Baby Food & Accessories,Baby Food,7,Baby food and supplies,high
335125,055000207812,Cerelac Baby Cereal Honey & Wheat With Milk 400 g,Cerelac,Baby,Baby Food & Accessories,Baby Food,7,Baby food and supplies,high
1336834,062823050532,Color Changing 3 Pack Baby Spoons,,Baby,Baby Food & Accessories,Feeding Accessories,7,Baby food and supplies,high
1091019,055742578355,Compliments Baby Bedtime Bath 500 ml,Compliments,Baby,Baby Bath & Skin Care,Baby Shampoo & Wash,8,Cleaning and personal care,high
1089992,055742578362,Compliments Baby Body Wash 500 ml,Compliments,Baby,Baby Bath & Skin Care,Baby Shampoo & Wash,8,Cleaning and personal care,high
681146,055742558524,Compliments Baby Powder Cornstarch Aloe Vera & Vitamin E 624 g,Compliments,Baby,Baby Bath & Skin Care,Baby Shampoo & Wash,8,Cleaning and personal care,high
1089829,055742578379,Compliments Baby Shampoo Tearless 500 ml,Compliments,Baby,Baby Bath & Skin Care,Baby Shampoo & Wash,8,Cleaning and personal care,high
600014,055742554878,Compliments Baby Wipes Unscented 72 Count,Compliments,Baby,Diapers & Accessories,Wipes,7,Baby food and supplies,high
700881,055742546125,Compliments Little Ones Baby Wipes Sensitive 64 Count,Compliments,Baby,Diapers & Accessories,Wipes,7,Baby food and supplies,high
690289,055742564259,Compliments Organic Baby Food Banana Pouch 128 ml,Compliments Organic,Baby,Baby Food & Accessories,Baby Food,7,Baby food and supplies,high
690446,055742564280,Compliments Organic Baby Food Pear Peach Kale & Brown Rice Pouch 128 ml,Compliments Organic,Baby,Baby Food & Accessories,Baby Food,7,Baby food and supplies,high
690263,055742564273,Compliments Organic Baby Food Pouch Apple Mango Sweet Potato & Millet 128 ml,Compliments Organic,Baby,Baby Food & Accessories,Baby Food,7,Baby food and supplies,high
687993,055742564266,Compliments Organic Baby Food Pouch Apple Strawberry Carrot & Quinoa 128 ml,Compliments Organic,Baby,Baby Food & Accessories,Baby Food,7,Baby food and supplies,high
690362,055742564297,Compliments Organic Baby Food Pouch Banana Apple Zucchini & Amaranth 128 ml,Compliments Organic,Baby,Baby Food & Accessories,Baby Food,7,Baby food and supplies,high
686654,055742510867,Compliments Organic Baby Food Purée Apple Carrot & Butternut Squash & Chia Seeds 128 ml,Compliments Organic,Baby,Baby Food & Accessories,Baby Food,7,Baby food and supplies,high
686651,055742510850,"Compliments Organic Baby Food Purée Apple, Banana & Blueberry 128 ml",Compliments,Baby,Baby Food & Accessories,Baby Food,7,Baby food and supplies,high
686911,055742510928,"Compliments Organic Baby Food Purée Apple, Banana, Raspberry & Oatmeal 128 ml",Compliments Organic,Baby,Baby Food & Accessories,Baby Food,7,Baby food and supplies,high
686650,055742510881,"Compliments Organic Baby Food Purée Apple, Mango & Spinach 128 ml",Compliments Organic,Baby,Baby Food & Accessories,Baby Food,7,Baby food and supplies,high
686909,055742510911,Compliments Organic Baby Food Purée Banana Blueberry & Oatmeal 128 ml,Compliments Organic,Baby,Baby Food & Accessories,Baby Food,7,Baby food and supplies,high
686648,055742510973,Compliments Organic Baby Food Purée Pear & Green Beans 128 ml,Compliments Organic,Baby,Baby Food & Accessories,Baby Food,7,Baby food and supplies,high
686645,055742511017,Compliments Organic Baby Food Purée Pear 128 ml,Compliments Organic,Baby,Baby Food & Accessories,Baby Food,7,Baby food and supplies,high
1319475,017000122083,Dial Kids 3 In 1 Body Wash Peach 709 ml,Dial,Baby,Baby Bath & Skin Care,Baby Shampoo & Wash,8,Cleaning and personal care,high
59009,065000138122,Gerber Baby Cereal Rice & Banana 227 g,Gerber,Baby,Baby Food & Accessories,Baby Food,7,Baby food and supplies,high
398229,055000382205,Gerber Organic Baby Purée Banana Mango Avocado Vanilla Quinoa 90 ml,Gerber,Baby,Baby Food & Accessories,Baby Food,7,Baby food and supplies,high
692432,055000373517,Gerber Organic Purée Apple Summer Peach Baby Food 128 ml,Gerber,Baby,Baby Food & Accessories,Baby Food,7,Baby food and supplies,high
692448,055000374057,Gerber Organic Purée Mango Apple Carrot Kale Baby Food 128 ml,Gerber,Baby,Baby Food & Accessories,Baby Food,7,Baby food and supplies,high
692446,055000374088,Gerber Organic Purée Pear Peach Strawberry Baby Food 128 ml,Gerber,Baby,Baby Food & Accessories,Baby Food,7,Baby food and supplies,high
311413,015000141387,Gerber Puffs Snacks Blueberry Vanilla Baby 42 g,Gerber,Baby,Baby Food & Accessories,Baby snacks,7,Baby food and supplies,high
97516,065000138207,Gerber Stage 1 Baby Cereal Oat 227 g,Gerber,Baby,Baby Food & Accessories,Baby Food,7,Baby food and supplies,high
59041,065000138085,Gerber Stage 1 Baby Cereal Rice 227 g,Gerber,Baby,Baby Food & Accessories,Baby Food,7,Baby food and supplies,high
382689,850050030218,Good Start Plus 2 Baby Formula Powder 1.02 kg,Good Start,Baby,Baby Food & Accessories,Baby Formula,7,Baby food and supplies,high
206589,686352809678,Hot-Kid Baby Mum-Mum Gentle Teething Wafers Banana 50 g,Baby Mum-Mum,Baby,Baby Food & Accessories,Baby snacks,7,Baby food and supplies,high
691826,686352600206,Hot-Kid Baby Mum-Mum Organic Gentle Teething Wafers Blueberry & Goji Berry 50 g,Hot-Kid,Baby,Baby Food & Accessories,Baby snacks,7,Baby food and supplies,high
303360,036000318036,Huggies Baby Wipes Natural Care Sensitive Unscented 56 Count,Huggies,Baby,Diapers & Accessories,Wipes,7,Baby food and supplies,high
303109,036000318906,Huggies Baby Wipes Natural Care Sensitive Unscented Flip-Top 3 Pack 168 count,Huggies,Baby,Diapers & Accessories,Wipes,7,Baby food and supplies,high
740393,036000536133,Huggies Baby Wipes Natural Care Sensitive Unscented Refill 3 Pack 624 Count,Huggies,Baby,Diapers & Accessories,Wipes,7,Baby food and supplies,high
457432,036000501292,Huggies Natural Baby Wipes Care Sensitive Unscented Flip-Top 560 Count,Huggies,Baby,Diapers & Accessories,Wipes,7,Baby food and supplies,high
810509,036000487565,Huggies Simply Clean Baby Wipes Unscented Flip-Top Pack 192 Count,Huggies,Baby,Diapers & Accessories,Wipes,7,Baby food and supplies,high
755790,036000487503,Huggies Simply Clean Baby Wipes Unscented Flip-Top Pack 64 Count,Huggies,Baby,Diapers & Accessories,Wipes,7,Baby food and supplies,high
226503,062600125934,Johnson & Johnson Aloe Vera & Vitamin E Baby Oil 591 ml,Johnson & Johnson,Baby,Baby Bath & Skin Care,Baby Powders & Oils,7,Baby food and supplies,high
627504,062600125927,Johnson & Johnson Regular Scent Baby Oil 591 ml,Johnson & Johnson,Baby,Baby Bath & Skin Care,Baby Powders & Oils,7,Baby food and supplies,high
890715,062600452306,Johnson's Baby Lotion 400 ml,Johnson's,Baby,Baby Bath & Skin Care,Baby Lotions & Creams,8,Cleaning and personal care,high
813306,062600250292,Johnson's Baby Shampoo Regular 600 ml,Johnson's,Baby,Baby Bath & Skin Care,Baby Shampoo & Wash,8,Cleaning and personal care,high
890780,062600452313,Johnson's Baby Wash Head To Toe 400 ml,Johnson's,Baby,Baby Bath & Skin Care,Baby Shampoo & Wash,8,Cleaning and personal care,high
215337,065743325001,Live Clean Baby Tearless Shampoo & Wash 300 ml,Live Clean,Baby,Baby Bath & Skin Care,Baby Shampoo & Wash,8,Cleaning and personal care,high
362438,858860001022,Love Child Organics Baby Food Apple Banana Blueberry 128 ml,Love Child Organics,Baby,Baby Food & Accessories,Baby Food,7,Baby food and supplies,high
394523,858860001121,Love Child Organics Baby Food Apple Spinach Kiwi Broccoli 128 ml,Love Child Organics,Baby,Baby Food & Accessories,Baby Food,7,Baby food and supplies,high
934767,858860001626,"Love Child Organics Baby Food Apple, Banana, Spinach & Avocado 128 ml",Love Child Organics,Baby,Baby Food & Accessories,Baby Food,7,Baby food and supplies,high
395438,858860001152,Love Child Organics Baby Food Pear Banana Blackberry Raspberry & Yogurt 128 ml,Love Child Organics,Baby,Baby Food & Accessories,Baby Food,7,Baby food and supplies,high
646873,858860001466,Love Child Organics Love Ducks Baby Food Carrot & Apple 30 g,Love Child Organics,Baby,Baby Food & Accessories,Baby snacks,7,Baby food and supplies,high
811112,037000754152,Pampers Aqua Pure Sensitive Baby Wipes 2 Pop-Top 112 Count,Pampers,Baby,Diapers & Accessories,Diapers,7,Baby food and supplies,high
805920,037000755364,Pampers Baby Clean Baby Wipes Scented 72 Count,Pampers,Baby,Diapers & Accessories,Wipes,7,Baby food and supplies,high
589393,037000754671,Pampers Baby Clean Wipes Unscented 72 Count,Pampers,Baby,Diapers & Accessories,Wipes,7,Baby food and supplies,high
364466,037000862260,Pampers Baby Dry Diapers Size 6 64 Count,Pampers,Baby,Diapers & Accessories,Diapers,7,Baby food and supplies,high
765958,037000754770,Pampers Baby Wipes Baby Fresh Scented 3 x Pop-Top Packs 216 Count,Pampers,Baby,Diapers & Accessories,Wipes,7,Baby food and supplies,high
765961,037000755333,Pampers Baby Wipes Fragrance-Free Pop-Top 216 Count,Pampers,Baby,Diapers & Accessories,Wipes,7,Baby food and supplies,high
368561,037000870760,Pampers Baby Wipes Sensitive Perfume Free Pop-Top 56 Count,Pampers,Baby,Diapers & Accessories,Wipes,7,Baby food and supplies,high
196984,037000195085,Pampers Baby Wipes Sensitive Perfume-Free 3 x Refill Packs 192 Count,Pampers,Baby,Diapers & Accessories,Wipes,7,Baby food and supplies,high
765979,037000751397,Pampers Baby Wipes Sensitive Perfume-Free Pop-Top 4 Packs 336 Count,Pampers,Baby,Diapers & Accessories,Wipes,7,Baby food and supplies,high
1336344,030772197844,Pampers Baby-Dry Diapers Mega XL Ultra Size 4 102 Count,Pampers,Baby,Diapers & Accessories,,7,Baby food and supplies,high
1336418,030772197882,Pampers Baby-Dry Diapers Mega XXL Ultra Size 5 138 Count,Pampers,Baby,Diapers & Accessories,,7,Baby food and supplies,high
1336380,030772197912,Pampers Baby-Dry Diapers Mega XXl Ultra Size 4 156 Count,Pampers,Baby,Diapers & Accessories,,7,Baby food and supplies,high
1336348,030772198049,Pampers Baby-Dry Diapers Size 5 90 Count,Pampers,Baby,Diapers & Accessories,,7,Baby food and supplies,high
847484,037000714835,Pampers Cruis 360 Baby Diapers Size 3 Super Pack 78 Count,Pampers,Baby,Diapers & Accessories,Diapers,7,Baby food and supplies,high
847485,037000714866,Pampers Cruiser 360 Fit Baby Diapers Size 4 Super Pack 64 Count,Pampers,Baby,Diapers & Accessories,Diapers,7,Baby food and supplies,high
1009290,030772133538,Pampers Swaddlers 360 Baby Diapers Size 5 Super 52 Count,Pampers,Baby,Diapers & Accessories,Diapers,7,Baby food and supplies,high
1287857,062600632869,Penaten  Medicated Baby Cream 166 g,Penaten,Baby,Baby Bath & Skin Care,Baby Lotions & Creams,8,Cleaning and personal care,high
958550,055325002888,Similac Pro-Advance Ready To Use Baby Formula Step 2 859 g,Similac,Baby,Baby Food & Accessories,Baby Formula,7,Baby food and supplies,high
582326,013562000418,"Annie's Chocolate Flavoured Organic Graham Snacks
Bunny Grahams 213 g",Annie's,Bread & Bakery,Desserts & Pastries,Bakery Cookies,9,"Snack, candy or soft drink",medium
582325,013562000401,Annie's Organic Baked Graham Snacks Honey Bunny 213 g,Annie's,Bread & Bakery,Desserts & Pastries,Bakery Cookies,5,"Breakfast spreads, hot drinks or shelf-stable beverages",medium
423845,055742551853,Best Buy Peanut Free Cookies Cream Filled Chocolate Fudge 600 g,Best Buy,Bread & Bakery,Desserts & Pastries,Bakery Cookies,9,"Snack, candy or soft drink",medium
423846,055742551846,Best Buy Peanut Free Cookies Cream Filled Vanilla 600 g,Best Buy,Bread & Bakery,Desserts & Pastries,Bakery Cookies,other,Fresh/refrigerated or separate store section,medium
1009537,627985001077,Chalo! Frozen Naan Garlic 10 x 100 g,Chalo,Bread & Bakery,"Wraps, Pita & Flatbread",Naan & Roti,2,Naan: Aisle 2,store-confirmed
643006,066721026569,Chips Ahoy Cookies Triple Chocolate Chunks 251 g,Chips Ahoy,Bread & Bakery,Desserts & Pastries,Bakery Cookies,9,"Snack, candy or soft drink",medium
643421,066721006233,Chips Ahoy! Original Cookies Soft Chunky 290 g,Chips Ahoy!,Bread & Bakery,Desserts & Pastries,Bakery Cookies,9,"Snack, candy or soft drink",medium
642954,066721026392,Christie Chips Ahoy! Cadbury Caramilk Chewy Cookies Family Size 453 g,Chips Ahoy!,Bread & Bakery,Desserts & Pastries,Bakery Cookies,9,"Snack, candy or soft drink",medium
642947,066721026385,Christie Chips Ahoy! Cadbury Mini Eggs Cookies Family Size 460 g,Chips Ahoy!,Bread & Bakery,Desserts & Pastries,Bakery Cookies,9,"Snack, candy or soft drink",medium
749100,066721008220,Christie Chips Ahoy! Cookies Chewy 453 g,Christie,Bread & Bakery,Desserts & Pastries,Bakery Cookies,9,"Snack, candy or soft drink",medium
643003,066721026576,Christie Chips Ahoy! Cookies Chewy Chocolate Chip 271 g,Chips Ahoy!,Bread & Bakery,Desserts & Pastries,Bakery Cookies,9,"Snack, candy or soft drink",medium
673243,066721006707,Christie Chips Ahoy! Cookies Chocolate Chunk Family Size 460 g,Chips Ahoy!,Bread & Bakery,Desserts & Pastries,Bakery Cookies,9,"Snack, candy or soft drink",medium
643008,066721026552,Christie Chips Ahoy! Cookies Chunks 251 g,Chips Ahoy!,Bread & Bakery,Desserts & Pastries,Bakery Cookies,9,"Snack, candy or soft drink",medium
643004,066721026545,Christie Chips Ahoy! Cookies Original Chocolate Chip 258 g,Chips Ahoy!,Bread & Bakery,Desserts & Pastries,Bakery Cookies,9,"Snack, candy or soft drink",medium
673251,066721006684,Christie Chips Ahoy! Cookies Original Family Size 460 g,Chips Ahoy!,Bread & Bakery,Desserts & Pastries,Bakery Cookies,9,"Snack, candy or soft drink",medium
643005,066721026583,Christie Chips Ahoy! Cookies Rainbow Chocolate Chip 258 g,Chips Ahoy!,Bread & Bakery,Desserts & Pastries,Bakery Cookies,9,"Snack, candy or soft drink",medium
949505,066721009036,Christie Chips Ahoy! Cookies Rainbow Family Size 457 g,Chips Ahoy!,Bread & Bakery,Desserts & Pastries,Bakery Cookies,9,"Snack, candy or soft drink",medium
506149,066721025456,Christie Oreo Chocolate Sandwich Cookies Mega Stuf 374 g,Oreo,Bread & Bakery,Desserts & Pastries,Bakery Cookies,9,"Oreo cookies, snacks and related products: Aisle 9 (confirmed store rule)",high
642952,066721026637,Christie Oreo Sandwich Cookies Birthday Cake 261 g,Oreo,Bread & Bakery,Desserts & Pastries,Bakery Cookies,9,"Oreo cookies, snacks and related products: Aisle 9 (confirmed store rule)",high
949506,066721009067,Christie Oreo Sandwich Cookies Fudge Covered 224 g,Oreo,Bread & Bakery,Desserts & Pastries,Bakery Cookies,9,"Oreo cookies, snacks and related products: Aisle 9 (confirmed store rule)",high
850103,068820136132,Compliments Garlic Bread 284 g (frozen),Compliments,Bread & Bakery,Bread,"Garlic, Raisin & Specialty Bread",bakery,"Brentwood bakery: breads, buns, rolls, tortillas, pita and roti",high
26402,055742575248,Compliments Pie 8-Inch Cherry 680 g (frozen),Compliments,Bread & Bakery,Desserts & Pastries,Pastries & Danishes,other,Fresh/refrigerated or separate store section,medium
26416,055742575194,Compliments Pie Apple 8-Inch 750 g (frozen),Compliments,Bread & Bakery,Desserts & Pastries,Pastries & Danishes,other,Fresh/refrigerated or separate store section,medium
25686,055742575224,Compliments Pie Apple Crumble 8-Inch 680 g (frozen),Compliments,Bread & Bakery,Desserts & Pastries,Pastries & Danishes,other,Fresh/refrigerated or separate store section,medium
26428,055742575231,Compliments Pie Blueberry 8-Inch 680 g (frozen),Compliments,Bread & Bakery,Desserts & Pastries,Pastries & Danishes,other,Fresh/refrigerated or separate store section,medium
26441,055742575255,Compliments Pie Pecan 8-Inch 580 g (frozen),Compliments,Bread & Bakery,Desserts & Pastries,Pies,other,Fresh/refrigerated or separate store section,medium
25691,055742575187,Compliments Pie Pumpkin 8 Inch 650 g (frozen),Compliments,Bread & Bakery,Desserts & Pastries,Pastries & Danishes,other,Fresh/refrigerated or separate store section,medium
25689,055742575217,Compliments Pie Rhubarb Strawberry 680 g (frozen),Compliments,Bread & Bakery,Desserts & Pastries,Pastries & Danishes,other,Fresh/refrigerated or separate store section,medium
253209,068820122807,Compliments Tortillas Original 10-Inch 610 g,Compliments,Bread & Bakery,"Wraps, Pita & Flatbread",Tortillas & Wraps,bakery,"Brentwood bakery: breads, buns, rolls, tortillas, pita and roti",high
253211,068820122166,Compliments Tortillas Original 7-Inch 340 g,Compliments,Bread & Bakery,"Wraps, Pita & Flatbread",Tortillas & Wraps,bakery,"Brentwood bakery: breads, buns, rolls, tortillas, pita and roti",high
253214,068820120568,Compliments Tortillas Whole Grain Wheat Flour 7-Inch 340 g,Compliments,Bread & Bakery,"Wraps, Pita & Flatbread",Tortillas & Wraps,bakery,"Brentwood bakery: breads, buns, rolls, tortillas, pita and roti",high
660747,068820132417,Compliments Two-Bite® Cinnamon Rolls 370 g (frozen),Compliments,Bread & Bakery,Desserts & Pastries,Buns & Dinner Rolls,bakery,"Brentwood bakery: breads, buns, rolls, tortillas, pita and roti",high
419408,627265011628,Crispy Original Roti Wrap 7-inch 15 Pack 750 g,Crispy,Bread & Bakery,"Wraps, Pita & Flatbread",Pita,bakery,Roti and roti wraps: Bakery section,store-confirmed
419416,627265011635,Crispy Whole Wheat Roti Wrap 7-inch 15 Pack 750 g,Crispy,Bread & Bakery,"Wraps, Pita & Flatbread",Pita,bakery,Roti and roti wraps: Bakery section,store-confirmed
374619,056833000113,Dads Original Oatmeal Cookies 8 Individually Wrapped Packs 300 g,Dads,Bread & Bakery,Desserts & Pastries,Bakery Cookies,5,"Breakfast spreads, hot drinks or shelf-stable beverages",medium
672219,063348005960,Dare Bear Paws Peanut-Free Cookies Birthday Cake 168 g,Dare,Bread & Bakery,Desserts & Pastries,Bakery Cookies,other,Fresh/refrigerated or separate store section,medium
540120,063348006974,Dare Bear Paws Peanut-Free Cookies Rainbow Chip 6 Pack 240 g,Dare,Bread & Bakery,Desserts & Pastries,Bakery Cookies,other,Fresh/refrigerated or separate store section,medium
1369078,063348080912,Dare Bear Paws Peanut-Free Soft Cookies Brownie 14 Pouches 490 g,Dare,Bread & Bakery,Desserts & Pastries,Bakery Cookies,other,Fresh/refrigerated or separate store section,medium
1376056,063348080943,Dare Bear Paws Peanut-Free Soft Cookies Chocolate Chip 14 Pouches 490 g,Dare,Bread & Bakery,Desserts & Pastries,Bakery Cookies,9,"Snack, candy or soft drink",medium
1376014,063348008503,Dare Bear Paws Soft Cookies Active Double Chocolate 5 Pouches 175 g,Dare,Bread & Bakery,Desserts & Pastries,Bakery Cookies,9,"Snack, candy or soft drink",medium
1375886,063348080905,Dare Bear Paws Soft Cookies Banana Bread 14 Pouches 490 g,Dare,Bread & Bakery,Desserts & Pastries,Bakery Cookies,other,Fresh/refrigerated or separate store section,medium
1383176,063348080875,Dare Bear Paws Soft Vanilla Cookies with Sprinkles Barbie 14 x 28 g,Dare,Bread & Bakery,Desserts & Pastries,Bakery Cookies,other,Fresh/refrigerated or separate store section,medium
654576,055653170853,Dare Ultimate Cookies Fudge Chocolate Creme 290 g,Dare Ultimate,Bread & Bakery,Desserts & Pastries,Bakery Cookies,9,"Snack, candy or soft drink",medium
655038,055653170051,Dare Ultimate Peanut-Free Cookies Coconut Creme 290 g,Dare Ultimate,Bread & Bakery,Desserts & Pastries,Bakery Cookies,other,Fresh/refrigerated or separate store section,medium
659120,055653170150,Dare Ultimate Peanut-Free Cookies Lemon Crème 290 g,Dare Ultimate,Bread & Bakery,Desserts & Pastries,Bakery Cookies,other,Fresh/refrigerated or separate store section,medium
654578,055653170259,Dare Ultimate Peanut-Free Cookies Maple Crème 300 g,Dare Ultimate,Bread & Bakery,Desserts & Pastries,Bakery Cookies,other,Fresh/refrigerated or separate store section,medium
334096,068721300151,Dempster's Signature Burger Buns Classic 8 Pack 616 g,Dempster's,Bread & Bakery,Buns & Dinner Rolls,Hamburger Buns,bakery,"Brentwood bakery: breads, buns, rolls, tortillas, pita and roti",high
692315,068721620921,Dempster's Signature The Gold Burger Buns 8 Pack,Dempster's,Bread & Bakery,Buns & Dinner Rolls,Hamburger Buns,bakery,"Brentwood bakery: breads, buns, rolls, tortillas, pita and roti",high
888299,068721009191,Dempster’s Burrito Tortillas White Extra Large 600 g,Dempster’s,Bread & Bakery,"Wraps, Pita & Flatbread",Tortillas & Wraps,bakery,"Brentwood bakery: breads, buns, rolls, tortillas, pita and roti",high
935843,068721620952,Dempster’s Signature Pull-Aparts Rolls Brioche 420 g,Dempster's,Bread & Bakery,Buns & Dinner Rolls,Hamburger Buns,bakery,"Brentwood bakery: breads, buns, rolls, tortillas, pita and roti",high
331110,068721038092,Dempster’s Tortillas 100% Whole Wheat Medium 340 g,Dempster's,Bread & Bakery,"Wraps, Pita & Flatbread",Tortillas & Wraps,bakery,"Brentwood bakery: breads, buns, rolls, tortillas, pita and roti",high
174386,068721038412,Dempster’s Tortillas Ancient Grains 7-Inch 272 g,Dempster's,Bread & Bakery,"Wraps, Pita & Flatbread",Tortillas & Wraps,bakery,"Brentwood bakery: breads, buns, rolls, tortillas, pita and roti",high
331109,068721038085,Dempster’s Tortillas Original 7-Inch 340 g,Dempster's,Bread & Bakery,"Wraps, Pita & Flatbread",Tortillas & Wraps,bakery,"Brentwood bakery: breads, buns, rolls, tortillas, pita and roti",high
673238,066721005861,Fudgee-O Sandwich Cookies Chocolatey Creme Filled 303 g,Fudgee-O,Bread & Bakery,Desserts & Pastries,Bakery Cookies,other,Fresh/refrigerated or separate store section,medium
6879,066721028310,Fudgee-O Sandwich Cookies Chocolatey Creme Filled 488 g,Fudgee-O,Bread & Bakery,Desserts & Pastries,Bakery Cookies,other,Fresh/refrigerated or separate store section,medium
673288,066721005885,Fudgee-O Sandwich Cookies Double Stuf Creme Filled 303 g,Fudgee-O,Bread & Bakery,Desserts & Pastries,Bakery Cookies,other,Fresh/refrigerated or separate store section,medium
620653,068656020216,Golden  Punjabi Biscuits Gur 1.13 kg,Golden,Bread & Bakery,Desserts & Pastries,International Foods,other,Fresh/refrigerated or separate store section,medium
620654,068656020223,Golden Punjabi Biscuits Original 1.13 kg,Golden,Bread & Bakery,Desserts & Pastries,International Foods,other,Fresh/refrigerated or separate store section,medium
620655,068656020230,Golden Punjabi Biscuits Sooji 1.1 kg,Golden,Bread & Bakery,Desserts & Pastries,International Foods,other,Fresh/refrigerated or separate store section,medium
1337392,064042007137,Leclerc Celebration Butter Cookies Dark Chocolate 240 g,Leclerc,Bread & Bakery,Desserts & Pastries,Bakery Cookies,9,"Snack, candy or soft drink",medium
1337823,064042007120,Leclerc Celebration Butter Cookies Milk Chocolate 240 g,Leclerc,Bread & Bakery,Desserts & Pastries,Bakery Cookies,9,"Snack, candy or soft drink",medium
1381645,064042007281,Leclerc Celebration Cookie Sticks Milk Chocolate Coated 240 g,Leclerc,Bread & Bakery,Desserts & Pastries,Bakery Cookies,9,"Snack, candy or soft drink",medium
1381646,064042007328,Leclerc Celebration Cream Cookies Maple Leaf 350 g,Leclerc,Bread & Bakery,Desserts & Pastries,Bakery Cookies,other,Fresh/refrigerated or separate store section,medium
1337805,064042007151,Leclerc Celebration Milk Chocolate Coated Cookies Caramel Truffle 240 g,Leclerc,Bread & Bakery,Desserts & Pastries,Bakery Cookies,9,"Snack, candy or soft drink",medium
1337460,064042007168,Leclerc Celebration Milk Chocolate Coated Cookies Raspberry Truffle 240 g,Leclerc,Bread & Bakery,Desserts & Pastries,Bakery Cookies,9,"Snack, candy or soft drink",medium
1381652,064042007304,Leclerc Celebration Wafer Coated Coffee 240 g,Leclerc,Bread & Bakery,Desserts & Pastries,Bakery Cookies,5,"Breakfast spreads, hot drinks or shelf-stable beverages",medium
1381657,064042007311,Leclerc Celebration Wafer Coated Milk Chocolate Vanilla 240 g,Leclerc,Bread & Bakery,Desserts & Pastries,Bakery Cookies,9,"Snack, candy or soft drink",medium
458233,047495210217,Nature's Bakery Glucose & lactose Free Whole Wheat Fig Bar Blueberry 340 g,Nature's Bakery,Bread & Bakery,Desserts & Pastries,Bakery Cookies,other,Fresh/refrigerated or separate store section,medium
463891,058300427232,Old El Paso Soft Tortilla Bowls Flour 8 Bowls 189 g,Old El Paso,Bread & Bakery,"Wraps, Pita & Flatbread",Tortillas & Wraps,2,"Pasta, Mexican, noodles or aisle-2 frozen specialties",medium
998815,058300004983,Old El Paso Tortillas Soft Large 334 g,Old El Paso,Bread & Bakery,"Wraps, Pita & Flatbread",Tortillas & Wraps,bakery,"Brentwood bakery: breads, buns, rolls, tortillas, pita and roti",high
1379435,066721029980,Oreo Cakesters Soft Snack Cakes Double Chocolate 285 g,Oreo,Bread & Bakery,Desserts & Pastries,Bakery Cookies,9,"Oreo cookies, snacks and related products: Aisle 9 (confirmed store rule)",high
6880,066721028129,Oreo Gluten Free Sandwich Cookies Double Stuf Chocolate 353 g,Oreo,Bread & Bakery,Desserts & Pastries,Bakery Cookies,9,"Oreo cookies, snacks and related products: Aisle 9 (confirmed store rule)",high
6688,066721028105,Oreo Original Sandwich Cookies Chocolate Family Size 439 g,Oreo,Bread & Bakery,Desserts & Pastries,Bakery Cookies,9,"Oreo cookies, snacks and related products: Aisle 9 (confirmed store rule)",high
1378191,066721030207,Oreo Sandwich Cookies Brown Sugar Bubble Tea 263 g,Oreo,Bread & Bakery,Desserts & Pastries,Bakery Cookies,9,"Oreo cookies, snacks and related products: Aisle 9 (confirmed store rule)",high
642950,066721026668,Oreo Sandwich Cookies Dark Chocolate 261 g,Oreo,Bread & Bakery,Desserts & Pastries,Bakery Cookies,9,"Oreo cookies, snacks and related products: Aisle 9 (confirmed store rule)",high
642949,066721026606,Oreo Sandwich Cookies Double Stuf Chocolate 261 g,Cross Brand,Bread & Bakery,Desserts & Pastries,Bakery Cookies,9,"Oreo cookies, snacks and related products: Aisle 9 (confirmed store rule)",high
6785,066721028082,Oreo Sandwich Cookies Double Stuf Chocolate Family Size 436 g,Oreo,Bread & Bakery,Desserts & Pastries,Bakery Cookies,9,"Oreo cookies, snacks and related products: Aisle 9 (confirmed store rule)",high
658223,066721026620,Oreo Sandwich Cookies Double Stuf Golden 261 g,Oreo,Bread & Bakery,Desserts & Pastries,Bakery Cookies,9,"Oreo cookies, snacks and related products: Aisle 9 (confirmed store rule)",high
6899,066721028099,Oreo Sandwich Cookies Golden Family Size 439 g,Oreo,Bread & Bakery,Desserts & Pastries,Bakery Cookies,9,"Oreo cookies, snacks and related products: Aisle 9 (confirmed store rule)",high
643002,066721026613,Oreo Sandwich Cookies Golden Vanilla 270 g,Oreo,Bread & Bakery,Desserts & Pastries,Bakery Cookies,9,"Oreo cookies, snacks and related products: Aisle 9 (confirmed store rule)",high
206663,066721028921,Oreo Sandwich Cookies Maple Creme Real Quebec Maple Syrup 261 g,Oreo,Bread & Bakery,Desserts & Pastries,Bakery Cookies,9,"Oreo cookies, snacks and related products: Aisle 9 (confirmed store rule)",high
658264,066721026644,Oreo Sandwich Cookies Mint Creme 261 g,Oreo,Bread & Bakery,Desserts & Pastries,Bakery Cookies,9,"Oreo cookies, snacks and related products: Aisle 9 (confirmed store rule)",high
3149,066721028266,Oreo Sandwich Cookies Original 20 x 22 g,Oreo,Bread & Bakery,Desserts & Pastries,Bakery Cookies,9,"Oreo cookies, snacks and related products: Aisle 9 (confirmed store rule)",high
643000,066721026590,Oreo Sandwich Cookies Original Chocolate 270 g,Cross Brand,Bread & Bakery,Desserts & Pastries,Bakery Cookies,9,"Oreo cookies, snacks and related products: Aisle 9 (confirmed store rule)",high
329574,066721028990,Oreo Sandwich Cookies Thins Chocolate 261 g,Oreo,Bread & Bakery,Desserts & Pastries,Bakery Cookies,9,"Oreo cookies, snacks and related products: Aisle 9 (confirmed store rule)",high
7122,813002020330,Promise Gluten Free Loaf Multigrain 480 g (frozen),Promise Gluten Free,Bread & Bakery,Bread,Wheat & Grain Bread,5,"Breakfast spreads, hot drinks or shelf-stable beverages",medium
965480,813002020132,Promise Gluten-Free Tortillas Original 168 g,Promise Gluten Free,Bread & Bakery,Bread,Wheat & Grain Bread,bakery,"Brentwood bakery: breads, buns, rolls, tortillas, pita and roti",high
552238,813002020842,Promise Gluten-Free Vegan Rustic White Cob Loaf 400 g (frozen),Promise Gluten Free,Bread & Bakery,Bread,Wheat & Grain Bread,5,"Breakfast spreads, hot drinks or shelf-stable beverages",medium
351442,068656017032,Surati Coconut Cookies 340 g,Surati,Bread & Bakery,Desserts & Pastries,International Foods,other,Fresh/refrigerated or separate store section,medium
1284275,061497231568,Tia Rosa Tortillas White Flour 275 g,Tia Rosa,Bread & Bakery,"Wraps, Pita & Flatbread",Tortillas & Wraps,bakery,"Brentwood bakery: breads, buns, rolls, tortillas, pita and roti",high
32549,061497699610,Tia Rosa Tortillas Yellow Corn 320 g,Tia Rosa,Bread & Bakery,"Wraps, Pita & Flatbread",Tortillas & Wraps,bakery,"Brentwood bakery: breads, buns, rolls, tortillas, pita and roti",high
429159,882875554006,Top Dessert Frozen Carrot Cake 500 g,Top Dessert,Bread & Bakery,Desserts & Pastries,Cakes & Cupcakes,other,Fresh/refrigerated or separate store section,medium
652971,060737052116,Vachon Passion Flaky Pastries Apple Raspberry 6 Pack 305 g,Vachon,Bread & Bakery,Desserts & Pastries,Pastries & Danishes,other,Fresh/refrigerated or separate store section,medium
697406,068721302124,Villaggio Artesano White Bread 540 g,Villaggio,Bread & Bakery,Bread,White Bread,bakery,"Brentwood bakery: breads, buns, rolls, tortillas, pita and roti",high
528895,068721003625,Villaggio Bread 100% Whole Wheat Italian Style 510 g,Villaggio,Bread & Bakery,Bread,Wheat & Grain Bread,bakery,"Brentwood bakery: breads, buns, rolls, tortillas, pita and roti",high
1322287,055617551254,Villaggio Bread Rustico Sourdough 550 g,Villaggio,Bread & Bakery,Bread,Wheat & Grain Bread,bakery,"Brentwood bakery: breads, buns, rolls, tortillas, pita and roti",high
489185,068721203520,Villaggio Hamburger Buns Toscana Extra Soft 8 x 66 g,Villaggio,Bread & Bakery,Buns & Dinner Rolls,Hamburger Buns,bakery,"Brentwood bakery: breads, buns, rolls, tortillas, pita and roti",high
332444,055617055127,Villaggio Rustico Bread Harvest Multigrain 550 g,Villaggio,Bread & Bakery,Bread,Wheat & Grain Bread,bakery,"Brentwood bakery: breads, buns, rolls, tortillas, pita and roti",high
489200,068721203537,Villaggio Sausage Buns Extra Soft Toscana 6 x 71 g,Villaggio,Bread & Bakery,Buns & Dinner Rolls,Hot Dog Buns,bakery,"Brentwood bakery: breads, buns, rolls, tortillas, pita and roti",high
511662,068721103547,Villaggio White Bread Italian Style 510 g,Villaggio,Bread & Bakery,Bread,White Bread,bakery,"Brentwood bakery: breads, buns, rolls, tortillas, pita and roti",high
329548,067312004423,Voortman Cookies Blueberry Turnovers 300 g,Voortman,Bread & Bakery,Desserts & Pastries,Bakery Cookies,other,Fresh/refrigerated or separate store section,medium
6768,067312051342,Voortman Mini Cookies Iced Oatmeal 142 g,Voortman,Bread & Bakery,Desserts & Pastries,Bakery Cookies,5,"Breakfast spreads, hot drinks or shelf-stable beverages",medium
6119,067312051328,Voortman No Sugar Added Mini Wafers Vanilla 184 g,Voortman,Bread & Bakery,Desserts & Pastries,Bakery Cookies,6,"Baking, canned goods, soups or crackers",medium
333563,067312005253,Voortman Wafers No Sugar Added Vanilla 250 g,Voortman,Bread & Bakery,Desserts & Pastries,Bakery Cookies,6,"Baking, canned goods, soups or crackers",medium
220506,064038299089,Agropur 33% Grand Cheddar Cheese 1 Year-Old 200 g,Agropur Signature,Cheese & Deli,Cheese,Artisan Cheese,dairy,"Dairy section: milk, eggs, cheese, butter/margarine, sour cream, creamers or dairy alternatives (verify shelf placement)",suggested
1397535,061120104467,Armstrong High in Protein Marble Cheddar Cheese 400 g,Armstrong,Cheese & Deli,Cheese,Block Cheese,dairy,"Dairy section: milk, eggs, cheese, butter/margarine, sour cream, creamers or dairy alternatives (verify shelf placement)",suggested
682121,061120102548,Armstrong Mexican Fiesta Marble Cheese Cheddar Jalapeno 400 g,Armstrong,Cheese & Deli,Cheese,Block Cheese,dairy,"Dairy section: milk, eggs, cheese, butter/margarine, sour cream, creamers or dairy alternatives (verify shelf placement)",suggested
556603,061120102227,Armstrong Shredded Cheese Old Cheddar 320 g,Armstrong,Cheese & Deli,Cheese,Shredded & Grated Cheese,dairy,"Dairy section: milk, eggs, cheese, butter/margarine, sour cream, creamers or dairy alternatives (verify shelf placement)",suggested
556602,061120102241,Armstrong Shredded Cheese Pizza Mozzarella 320 g,Armstrong,Cheese & Deli,Pizza Kits & Ingredients,Cheese,3,"Frozen meals, pizza, sides or vegetables",medium
556600,061120102203,Armstrong Shredded Cheese Tex Mex 320 g,Armstrong,Cheese & Deli,Cheese,Shredded & Grated Cheese,dairy,"Dairy section: milk, eggs, cheese, butter/margarine, sour cream, creamers or dairy alternatives (verify shelf placement)",suggested
556601,061120102180,Armstrong Shredded Cheese Triple Cheddar 320 g,Armstrong,Cheese & Deli,Cheese,Shredded & Grated Cheese,dairy,"Dairy section: milk, eggs, cheese, butter/margarine, sour cream, creamers or dairy alternatives (verify shelf placement)",suggested
349039,068200810591,Balderson Cheddar Cheese Aged 5 Years 280 g,Balderson,Cheese & Deli,Cheese,Artisan Cheese,dairy,"Dairy section: milk, eggs, cheese, butter/margarine, sour cream, creamers or dairy alternatives (verify shelf placement)",suggested
330111,068200858241,Black Diamond Cheestrings Marble 16 Pack 336 g,Black Diamond,Cheese & Deli,Cheese,Snacking Cheese,dairy,"Dairy section: milk, eggs, cheese, butter/margarine, sour cream, creamers or dairy alternatives (verify shelf placement)",suggested
179363,088702016406,Bonne Maman Raspberry Jam 250 ml,Bonne Maman,Cheese & Deli,Charcuterie Jelly,International Foods,5,"Breakfast spreads, hot drinks or shelf-stable beverages",medium
179365,088702016369,Bonne Maman Strawberry Jam 250 ml,Bonne Maman,Cheese & Deli,Charcuterie Jelly,International Foods,5,"Breakfast spreads, hot drinks or shelf-stable beverages",medium
37675,079813000118,Boursin Cheese Garlic & Fine Herbs 150 g,Boursin,Cheese & Deli,Cheese,Soft & Spreadable Cheese,dairy,"Dairy section: milk, eggs, cheese, butter/margarine, sour cream, creamers or dairy alternatives (verify shelf placement)",suggested
634791,079813000569,Boursin Spreadable Cheese Basil & Chives 150 g,Boursin,Cheese & Deli,Cheese,Soft & Spreadable Cheese,dairy,"Dairy section: milk, eggs, cheese, butter/margarine, sour cream, creamers or dairy alternatives (verify shelf placement)",suggested
574198,059441183148,Castello 1Yr Tickler Cheddar Cheese 200 g,Castello,Cheese & Deli,Cheese,Artisan Cheese,dairy,"Dairy section: milk, eggs, cheese, butter/margarine, sour cream, creamers or dairy alternatives (verify shelf placement)",suggested
905551,060466088660,Castello Cheddar Cheese Savoury Onion 200 g,Castello,Cheese & Deli,Cheese,Artisan Cheese,dairy,"Dairy section: milk, eggs, cheese, butter/margarine, sour cream, creamers or dairy alternatives (verify shelf placement)",suggested
905547,060466088608,Castello Cheese Havarti Aged 200 g,Castello,Cheese & Deli,Cheese,Artisan Cheese,dairy,"Dairy section: milk, eggs, cheese, butter/margarine, sour cream, creamers or dairy alternatives (verify shelf placement)",suggested
168391,060466161004,Castello Havarti Cheese Creamy 200 g,Castello,Cheese & Deli,Cheese,Artisan Cheese,dairy,"Dairy section: milk, eggs, cheese, butter/margarine, sour cream, creamers or dairy alternatives (verify shelf placement)",suggested
168397,060466161073,Castello Havarti Cheese Garden Vegetable 200g,Castello,Cheese & Deli,Cheese,Artisan Cheese,dairy,"Dairy section: milk, eggs, cheese, butter/margarine, sour cream, creamers or dairy alternatives (verify shelf placement)",suggested
168399,060466161035,Castello Havarti Cheese Herbs & Spices 200 g,Castello,Cheese & Deli,Cheese,Artisan Cheese,dairy,"Dairy section: milk, eggs, cheese, butter/margarine, sour cream, creamers or dairy alternatives (verify shelf placement)",suggested
168401,060466161028,Castello Havarti Cheese Jalapeno 200 g,Castello,Cheese & Deli,Cheese,Artisan Cheese,dairy,"Dairy section: milk, eggs, cheese, butter/margarine, sour cream, creamers or dairy alternatives (verify shelf placement)",suggested
162500,066188029707,Certo Liquid Pectin 170 ml,Certo,Cheese & Deli,Charcuterie Jelly,Kitchen & Household,5,"Breakfast spreads, hot drinks or shelf-stable beverages",medium
1322205,060229160985,Chris Brothers Gluten-Free Pizza Meat Reduced Sodium Variety Pack 175 g,Chris Brothers,Cheese & Deli,Deli Meats,Deli Pepperoni,3,"Frozen meals, pizza, sides or vegetables",medium
474244,068820129790,Compliments Beef Bologna Sliced Meat 175 g,Compliments,Cheese & Deli,Deli Meats,Deli Bologna,other,Fresh/refrigerated or separate store section,medium
417673,055742553871,Compliments Cheddar Cheese Mild Marble Value Size 700 g,Compliments,Cheese & Deli,Cheese,Block Cheese,dairy,"Dairy section: milk, eggs, cheese, butter/margarine, sour cream, creamers or dairy alternatives (verify shelf placement)",suggested
196995,068820114468,Compliments Cheese Double Cream Brie 200 g,Compliments,Cheese & Deli,Cheese,Artisan Cheese,dairy,"Dairy section: milk, eggs, cheese, butter/margarine, sour cream, creamers or dairy alternatives (verify shelf placement)",suggested
914774,055742534405,Compliments Cheese Strings Mozzarella Twist 168 g,Compliments,Cheese & Deli,Cheese,Snacking Cheese,dairy,"Dairy section: milk, eggs, cheese, butter/margarine, sour cream, creamers or dairy alternatives (verify shelf placement)",suggested
229077,055742502558,Compliments Cream Cheese Brick 250 g,Compliments,Cheese & Deli,Cheese,Cream Cheese,dairy,"Dairy section: milk, eggs, cheese, butter/margarine, sour cream, creamers or dairy alternatives (verify shelf placement)",suggested
229075,055742502541,Compliments Cream Cheese Light 250 g,Compliments,Cheese & Deli,Cheese,Cream Cheese,dairy,"Dairy section: milk, eggs, cheese, butter/margarine, sour cream, creamers or dairy alternatives (verify shelf placement)",suggested
618877,055742541151,Compliments Cream Cheese Spread Light 227 g,Compliments,Cheese & Deli,Cheese,Cream Cheese,dairy,"Dairy section: milk, eggs, cheese, butter/margarine, sour cream, creamers or dairy alternatives (verify shelf placement)",suggested
618874,055742541137,Compliments Cream Cheese Spread Original 227 g,Compliments,Cheese & Deli,Cheese,Cream Cheese,dairy,"Dairy section: milk, eggs, cheese, butter/margarine, sour cream, creamers or dairy alternatives (verify shelf placement)",suggested
1441786,055742584547,Compliments Deli Meat Roast Beef 150 g,Compliments,Cheese & Deli,Deli Meats,Deli Beef,other,Fresh/refrigerated or separate store section,medium
1441761,055742584554,Compliments Deli Meat Smoked Montreal Style 150 g,Compliments,Cheese & Deli,Deli Meats,Deli Beef,other,Fresh/refrigerated or separate store section,medium
253620,068820122234,Compliments Dip Artichoke & Asiago 227 g,Compliments,Cheese & Deli,"Dips, Hummus & Sauces",Hummus,other,Fresh/refrigerated or separate store section,medium
935338,068820133704,Compliments Extra Lean Thinly Sliced Smoked Turkey Breast 400 g,Compliments,Cheese & Deli,Deli Meats,Deli Turkey,other,Fresh/refrigerated or separate store section,medium
765042,055742548105,Compliments Grated Cheese Parmesan 250 g,Compliments,Cheese & Deli,Cheese,Shredded & Grated Cheese,dairy,"Dairy section: milk, eggs, cheese, butter/margarine, sour cream, creamers or dairy alternatives (verify shelf placement)",suggested
935447,068820133735,Compliments Ham Honey Extra Lean 400 g,Compliments,Cheese & Deli,Deli Meats,Deli Ham & Pork,5,"Breakfast spreads, hot drinks or shelf-stable beverages",medium
489277,055742535686,Compliments Hummus Naturally Simple 227 g,Compliments,Cheese & Deli,"Dips, Hummus & Sauces",Hummus,other,Fresh/refrigerated or separate store section,medium
652073,055742563382,Compliments Lactose-Free Block Cheese Marble Cheddar 400 g,Compliments,Cheese & Deli,Cheese,Block Cheese,dairy,"Dairy section: milk, eggs, cheese, butter/margarine, sour cream, creamers or dairy alternatives (verify shelf placement)",suggested
650653,055742563429,Compliments Lactose-Free Cream Cheese 250 g,Compliments,Cheese & Deli,Cheese,Cream Cheese,dairy,"Dairy section: milk, eggs, cheese, butter/margarine, sour cream, creamers or dairy alternatives (verify shelf placement)",suggested
652082,055742563368,Compliments Lactose-Free Old Cheddar Block 400 g,Compliments,Cheese & Deli,Cheese,Block Cheese,dairy,"Dairy section: milk, eggs, cheese, butter/margarine, sour cream, creamers or dairy alternatives (verify shelf placement)",suggested
618876,055742541168,Compliments Light Cream Cheese Spread Herb And Garlic 227 g,Compliments,Cheese & Deli,Cheese,Cream Cheese,dairy,"Dairy section: milk, eggs, cheese, butter/margarine, sour cream, creamers or dairy alternatives (verify shelf placement)",suggested
489282,055742535679,Compliments Naturally Simple Hummus Roasted Garlic 227 g,Compliments,Cheese & Deli,"Dips, Hummus & Sauces",Hummus,other,Fresh/refrigerated or separate store section,medium
489285,055742535587,Compliments Naturally Simple Tzatziki & Yogurt Dip 227 g,Compliments,Cheese & Deli,"Dips, Hummus & Sauces",Hummus,4,"Ice cream, fruit, yogurt or juice",medium
157022,055742374469,Compliments Organic Jam Strawberry 250 ml,Compliments,Cheese & Deli,Charcuterie Jelly,Pantry,5,"Breakfast spreads, hot drinks or shelf-stable beverages",medium
490104,068820131236,"Compliments Shredded Cheese Blend Asiago, Romano & Parmesan 125 g",Compliments,Cheese & Deli,Cheese,Artisan Cheese,dairy,"Dairy section: milk, eggs, cheese, butter/margarine, sour cream, creamers or dairy alternatives (verify shelf placement)",suggested
697718,055742546484,Compliments Shredded Cheese Medium Cheddar 320 g,Compliments,Cheese & Deli,Cheese,Shredded & Grated Cheese,dairy,"Dairy section: milk, eggs, cheese, butter/margarine, sour cream, creamers or dairy alternatives (verify shelf placement)",suggested
490100,068820131243,Compliments Shredded Cheese Parmesan 125 g,Compliments,Cheese & Deli,Cheese,Artisan Cheese,dairy,"Dairy section: milk, eggs, cheese, butter/margarine, sour cream, creamers or dairy alternatives (verify shelf placement)",suggested
503811,055742553543,Compliments Shredded Cheese Tex Mex Blend 320 g,Compliments,Cheese & Deli,Cheese,Shredded & Grated Cheese,dairy,"Dairy section: milk, eggs, cheese, butter/margarine, sour cream, creamers or dairy alternatives (verify shelf placement)",suggested
491077,068820129813,Compliments Sliced Bologna 175 g,Compliments,Cheese & Deli,Deli Meats,Deli Bologna,other,Fresh/refrigerated or separate store section,medium
806251,055742548945,Compliments Sliced Cheese Havarti 11 Slices 210 g,Compliments,Cheese & Deli,Cheese,Sliced Cheese,dairy,"Dairy section: milk, eggs, cheese, butter/margarine, sour cream, creamers or dairy alternatives (verify shelf placement)",suggested
591947,055742559040,Compliments Sliced Cheese Havarti 8 Slices 160 g,Compliments,Cheese & Deli,Cheese,Sliced Cheese,dairy,"Dairy section: milk, eggs, cheese, butter/margarine, sour cream, creamers or dairy alternatives (verify shelf placement)",suggested
591950,055742559071,Compliments Sliced Cheese Havarti Herb & Spice 8 Slices 160 g,Compliments,Cheese & Deli,Cheese,Sliced Cheese,dairy,"Dairy section: milk, eggs, cheese, butter/margarine, sour cream, creamers or dairy alternatives (verify shelf placement)",suggested
626476,055742541823,Compliments Sliced Cheese Marble Cheddar 12 Slices 230 g,Compliments,Cheese & Deli,Cheese,Sliced Cheese,dairy,"Dairy section: milk, eggs, cheese, butter/margarine, sour cream, creamers or dairy alternatives (verify shelf placement)",suggested
592251,055742559118,Compliments Sliced Cheese Marble Cheddar 8 Slices 160 g,Compliments,Cheese & Deli,Cheese,Sliced Cheese,dairy,"Dairy section: milk, eggs, cheese, butter/margarine, sour cream, creamers or dairy alternatives (verify shelf placement)",suggested
592210,055742559132,Compliments Sliced Cheese Mozzarella 8 Slices 170 g,Compliments,Cheese & Deli,Cheese,Sliced Cheese,dairy,"Dairy section: milk, eggs, cheese, butter/margarine, sour cream, creamers or dairy alternatives (verify shelf placement)",suggested
934568,068820133520,Compliments Smoked Ham Black Forest Extra Lean Thinly Sliced 400 g,Compliments,Cheese & Deli,Deli Meats,Deli Ham & Pork,other,Fresh/refrigerated or separate store section,medium
1295085,629002684485,Fantino & Mondello Charcuterie Trio Chorizo Salami And Prosciutto 100 g,Fantino & Mondello,Cheese & Deli,Deli Meats,Deli Pepperoni,other,Fresh/refrigerated or separate store section,medium
1343438,629002071551,Fantino & Mondello Dry Salami Genoa 100 g,Fantino & Mondello,Cheese & Deli,Deli Meats,Deli Pepperoni,other,Fresh/refrigerated or separate store section,medium
33285,629002072220,Fantino & Mondello Dry Sausage Chorizo 175 g,Fantino & Mondello,Cheese & Deli,Deli Meats,Deli Kolbassa & Sausage,2,"Pasta, Mexican, noodles or aisle-2 frozen specialties",medium
33339,629002071513,Fantino & Mondello Salami Sliced Dry Vino Rosso 125 g,Fantino & Mondello,Cheese & Deli,Deli Meats,Deli Pepperoni,other,Fresh/refrigerated or separate store section,medium
33295,629002072336,Fantino & Mondello Sliced Dry Pepperoni 200 g,Fantino & Mondello,Cheese & Deli,Deli Meats,Deli Pepperoni,other,Fresh/refrigerated or separate store section,medium
33306,629002071537,Fantino & Mondello Sliced Salami Charcuterie Meat Trio 100 g,Fantino & Mondello,Cheese & Deli,Deli Meats,Deli Pepperoni,other,Fresh/refrigerated or separate store section,medium
247649,770333024164,Fontaine Santé Humm! Vegan Hummus Cocktail Greek Olives 227 g,Fontaine Santé,Cheese & Deli,"Dips, Hummus & Sauces",Plant Based,other,Fresh/refrigerated or separate store section,medium
247648,770333024218,Fontaine Santé Vegan Hummus Cocktail Caramelized Onions 227 g,Fontaine Santé,Cheese & Deli,"Dips, Hummus & Sauces",Plant Based,other,Fresh/refrigerated or separate store section,medium
180678,770333022009,Fontaine Santé Vegan Hummus Traditional 260 g,Fontaine Santé,Cheese & Deli,"Dips, Hummus & Sauces",Plant Based,other,Fresh/refrigerated or separate store section,medium
604767,770333022016,Fontaine Santé Vegan Hummus Traditional 454 g,Fontaine Santé,Cheese & Deli,"Dips, Hummus & Sauces",Plant Based,other,Fresh/refrigerated or separate store section,medium
401215,068100003543,Kraft Sliced Process Cheese Original 26 Thin Slices 410 g,Kraft,Cheese & Deli,Cheese,Sliced Cheese,dairy,"Dairy section: milk, eggs, cheese, butter/margarine, sour cream, creamers or dairy alternatives (verify shelf placement)",suggested
791193,063100284633,Maple Leaf Deli Natural Smoked Ham Black Forest 600 g,Maple Leaf,Cheese & Deli,Deli Meats,Deli Ham & Pork,other,Fresh/refrigerated or separate store section,medium
791202,063100284657,Maple Leaf Deli Natural Smoked Ham Original 600 g,Maple Leaf,Cheese & Deli,Deli Meats,Deli Ham & Pork,other,Fresh/refrigerated or separate store section,medium
1444539,063100135607,Maple Leaf Ham Protein Kit Smoked Black Forest 88 g,Maple Leaf,Cheese & Deli,Deli Meats,Deli Ham & Pork,other,Fresh/refrigerated or separate store section,medium
346473,063100208752,Maple Leaf Natural Selections Deli Shaved Chicken Breast Hickory Smoked 175 g,Maple Leaf,Cheese & Deli,Deli Meats,Deli Chicken,other,Fresh/refrigerated or separate store section,medium
309421,063100208714,Maple Leaf Natural Selections Deli Shaved Ham Italian Style 175 g,Maple Leaf,Cheese & Deli,Deli Meats,Deli Ham & Pork,other,Fresh/refrigerated or separate store section,medium
391337,063100107376,Maple Leaf Natural Selections Deli Shaved Smoked Ham Black Forest Family Size 400 g,Maple Leaf,Cheese & Deli,Deli Meats,Deli Ham & Pork,other,Fresh/refrigerated or separate store section,medium
309420,063100208707,Maple Leaf Natural Selections Deli Shaved Turkey Breast Hickory Smoked 175 g,Maple Leaf,Cheese & Deli,Deli Meats,Deli Turkey,other,Fresh/refrigerated or separate store section,medium
391754,063100107345,Maple Leaf Natural Selections Deli Shaved Turkey Breast Oven Roasted Family Size 375 g,Maple Leaf,Cheese & Deli,Deli Meats,Deli Turkey,other,Fresh/refrigerated or separate store section,medium
245911,063100108779,Maple Leaf Natural Selections Deli Sliced Baked Ham 175 g,Maple Leaf,Cheese & Deli,Deli Meats,Deli Ham & Pork,other,Fresh/refrigerated or separate store section,medium
271658,063100109370,Maple Leaf Natural Selections Deli Sliced Baked Ham Honey 175 g,Maple Leaf,Cheese & Deli,Deli Meats,Deli Ham & Pork,5,"Breakfast spreads, hot drinks or shelf-stable beverages",medium
245910,063100108748,Maple Leaf Natural Selections Deli Sliced Chicken Breast Oven Roasted 175 g,Maple Leaf,Cheese & Deli,Deli Meats,Deli Chicken,other,Fresh/refrigerated or separate store section,medium
245912,063100108755,Maple Leaf Natural Selections Deli Sliced Smoked Ham Black Forest 175 g,Maple Leaf,Cheese & Deli,Deli Meats,Deli Ham & Pork,other,Fresh/refrigerated or separate store section,medium
245906,063100108731,Maple Leaf Natural Selections Deli Sliced Turkey Breast Oven Roasted 175 g,Maple Leaf,Cheese & Deli,Deli Meats,Deli Turkey,other,Fresh/refrigerated or separate store section,medium
1444562,063100135591,Maple Leaf Protein Snack Kit Turkey 88 g,Maple Leaf,Cheese & Deli,Deli Meats,Deli Ham & Pork,other,Fresh/refrigerated or separate store section,medium
4276,"067714000092,067714002041",Maple Lodge Farms Gluten-Free Chicken Bologna Value Size 375 g,Maple Lodge Farms,Cheese & Deli,Deli Meats,Deli Bologna,5,"Breakfast spreads, hot drinks or shelf-stable beverages",medium
514978,067714003376,Maple Lodge Farms Zabiha Halal Chicken Bologna 375 g,Maple Lodge Farms,Cheese & Deli,Deli Meats,Deli Bologna,meat,Fresh/refrigerated or separate store section,medium
699480,060085051908,Mastro Genoa Sliced Meat Salami 150 g,Mastro,Cheese & Deli,Deli Meats,Deli Salami,other,Fresh/refrigerated or separate store section,medium
699483,060085052080,Mastro Hot Calabrese Salami Sliced Meat 125 g,Mastro,Cheese & Deli,Deli Meats,Deli Salami,other,Fresh/refrigerated or separate store section,medium
699481,060085052073,Mastro Hot Genoa Salami Sliced Meat 150 g,Mastro,Cheese & Deli,Deli Meats,Deli Salami,other,Fresh/refrigerated or separate store section,medium
699485,060085052134,Mastro Salami with Prosciutto Sliced Meat 125 g,Mastro,Cheese & Deli,Deli Meats,Deli Salami,other,Fresh/refrigerated or separate store section,medium
847452,067400821444,Monsieur Gustav Extra Old White Cheddar 250 g,Monsieur Gustav,Cheese & Deli,Cheese,Artisan Cheese,dairy,"Dairy section: milk, eggs, cheese, butter/margarine, sour cream, creamers or dairy alternatives (verify shelf placement)",suggested
32062,067400820072,Monsieur Gustav Gouda Cheese Dill Pickle 170 g,Monsieur Gustav,Cheese & Deli,Cheese,Artisan Cheese,dairy,"Dairy section: milk, eggs, cheese, butter/margarine, sour cream, creamers or dairy alternatives (verify shelf placement)",suggested
87960,058300854014,Old El Paso Salsa Picante Style Restaurant Medium 650 ml,Old El Paso,Cheese & Deli,"Dips, Hummus & Sauces",Guacamole & Salsa,2,"Pasta, Mexican, noodles or aisle-2 frozen specialties",medium
87962,058300854533,Old El Paso Salsa Thick N' Chunky Hot 650 ml,Old El Paso,Cheese & Deli,"Dips, Hummus & Sauces",Guacamole & Salsa,2,"Pasta, Mexican, noodles or aisle-2 frozen specialties",medium
87961,058300854526,Old El Paso Thick N' Chunky Salsa Medium 650 ml,Old El Paso,Cheese & Deli,"Dips, Hummus & Sauces",Guacamole & Salsa,2,"Pasta, Mexican, noodles or aisle-2 frozen specialties",medium
484026,068100895902,Philadelphia Cream Cheese Product Light 227 g,Philadelphia,Cheese & Deli,Cheese,Cream Cheese,dairy,"Dairy section: milk, eggs, cheese, butter/margarine, sour cream, creamers or dairy alternatives (verify shelf placement)",suggested
484238,068100896077,Philadelphia Cream Cheese Product Light 450 g,Philadelphia,Cheese & Deli,Cheese,Cream Cheese,dairy,"Dairy section: milk, eggs, cheese, butter/margarine, sour cream, creamers or dairy alternatives (verify shelf placement)",suggested
483989,068100895971,Philadelphia Cream Cheese Product Original 227 g,Philadelphia,Cheese & Deli,Cheese,Cream Cheese,dairy,"Dairy section: milk, eggs, cheese, butter/margarine, sour cream, creamers or dairy alternatives (verify shelf placement)",suggested
466030,068100011173,Philadelphia Cream Cheese Product Original 250 g,Philadelphia,Cheese & Deli,Cheese,Cream Cheese,dairy,"Dairy section: milk, eggs, cheese, butter/margarine, sour cream, creamers or dairy alternatives (verify shelf placement)",suggested
484235,068100896060,Philadelphia Cream Cheese Product Original 450 g,Philadelphia,Cheese & Deli,Cheese,Cream Cheese,dairy,"Dairy section: milk, eggs, cheese, butter/margarine, sour cream, creamers or dairy alternatives (verify shelf placement)",suggested
1333017,068100907155,Philadelphia Cream Cheese Product Pumpkin Spice 227 g,Philadelphia,Cheese & Deli,Cheese,Cream Cheese,dairy,"Dairy section: milk, eggs, cheese, butter/margarine, sour cream, creamers or dairy alternatives (verify shelf placement)",suggested
131208,069401014474,Piller's Pepperoni Toppings Original 250 g,Piller's,Cheese & Deli,Pizza Kits & Ingredients,Deli Meats,3,"Frozen meals, pizza, sides or vegetables",medium
1337037,069401007124,Piller's Smoked Club Size Turkey Breast 350 g,Piller's,Cheese & Deli,Deli Meats,Deli Ham & Pork,other,Fresh/refrigerated or separate store section,medium
311161,060085050154,San Daniele Gluten-Free Ham Prosciutto Sliced 100 g,San Daniele,Cheese & Deli,Deli Meats,Deli Ham & Pork,5,"Breakfast spreads, hot drinks or shelf-stable beverages",medium
311166,060085051564,San Daniele Smoked Ham Prosciutto 100 g,San Daniele,Cheese & Deli,Deli Meats,Deli Ham & Pork,other,Fresh/refrigerated or separate store section,medium
791090,063100479404,Schneiders Deli Half Ham Original 700 g,Schneiders,Cheese & Deli,Deli Meats,Deli Ham & Pork,other,Fresh/refrigerated or separate store section,medium
22946,051500090022,Smucker's Pure Jam Seedless Strawberry 250 ml,Smucker's,Cheese & Deli,Charcuterie Jelly,Pantry,5,"Breakfast spreads, hot drinks or shelf-stable beverages",medium
246727,084380957246,St-Dalfour Jam Wild Blueberry 225 ml,St-Dalfour,Cheese & Deli,Charcuterie Jelly,Pantry,5,"Breakfast spreads, hot drinks or shelf-stable beverages",medium
414106,773200704992,Summer Fresh Dip Artichoke & Asiago 227 g,Summer Fresh,Cheese & Deli,"Dips, Hummus & Sauces",Fruit & Vegetable Dips,other,Fresh/refrigerated or separate store section,medium
137584,773200702349,Summer Fresh Hummus Roasted Garlic 227 g,Summer Fresh,Cheese & Deli,"Dips, Hummus & Sauces",Hummus,other,Fresh/refrigerated or separate store section,medium
848284,"073200702227,773200702226",Summer Fresh Vegan Hummus Original 227 g,Summer Fresh,Cheese & Deli,"Dips, Hummus & Sauces",Hummus,other,Fresh/refrigerated or separate store section,medium
169521,041757011673,The Laughing Cow Cheese Garlic & Herb 133 g,Laughing Cow,Cheese & Deli,Cheese,Snacking Cheese,dairy,"Dairy section: milk, eggs, cheese, butter/margarine, sour cream, creamers or dairy alternatives (verify shelf placement)",suggested
169517,041757011611,The Laughing Cow Cheese Light 133 g,The Laughing Cow,Cheese & Deli,Cheese,Snacking Cheese,dairy,"Dairy section: milk, eggs, cheese, butter/margarine, sour cream, creamers or dairy alternatives (verify shelf placement)",suggested
169507,041757011574,The Laughing Cow Cheese Original 133 g,Laughing Cow,Cheese & Deli,Cheese,Snacking Cheese,dairy,"Dairy section: milk, eggs, cheese, butter/margarine, sour cream, creamers or dairy alternatives (verify shelf placement)",suggested
172879,041757011406,The Laughing Cow Cheese Original 400 g,Laughing Cow,Cheese & Deli,Cheese,Snacking Cheese,dairy,"Dairy section: milk, eggs, cheese, butter/margarine, sour cream, creamers or dairy alternatives (verify shelf placement)",suggested
619078,060410026625,Tostitos Salsa Mango 416 ml,Tostitos,Cheese & Deli,"Dips, Hummus & Sauces",Guacamole & Salsa,2,"Pasta, Mexican, noodles or aisle-2 frozen specialties",medium
506409,059441006362,Tre Stelle Bocconcini Fresh Soft Cheese 200 g,Tre Stelle,Cheese & Deli,Cheese,Artisan Cheese,dairy,"Dairy section: milk, eggs, cheese, butter/margarine, sour cream, creamers or dairy alternatives (verify shelf placement)",suggested
424312,059441006416,Tre Stelle Cheese Soft Mini Bocconcini Fresh 200 g,Tre Stelle,Cheese & Deli,Cheese,Artisan Cheese,dairy,"Dairy section: milk, eggs, cheese, butter/margarine, sour cream, creamers or dairy alternatives (verify shelf placement)",suggested
157585,060466483342,Tre Stelle Feta Cheese Crumbled 150 g,Tre Stelle,Cheese & Deli,Cheese,Artisan Cheese,dairy,"Dairy section: milk, eggs, cheese, butter/margarine, sour cream, creamers or dairy alternatives (verify shelf placement)",suggested
861627,059441001350,Tre Stelle Ricotta Cheese Light 475 g,Tre Stelle,Cheese & Deli,Cheese,Artisan Cheese,dairy,"Dairy section: milk, eggs, cheese, butter/margarine, sour cream, creamers or dairy alternatives (verify shelf placement)",suggested
309412,059441181540,Tre Stelle Sliced Medallions Cheese Bocconcini 200 g,Tre Stelle,Cheese & Deli,Cheese,Artisan Cheese,dairy,"Dairy section: milk, eggs, cheese, butter/margarine, sour cream, creamers or dairy alternatives (verify shelf placement)",suggested
10602,068200477633,aMOOza! Cheese Snack Mozza Stix 12 Pack 228 g,aMooza!,Cheese & Deli,Cheese,Snacking Cheese,dairy,"Dairy section: milk, eggs, cheese, butter/margarine, sour cream, creamers or dairy alternatives (verify shelf placement)",suggested
985947,056800782400,Activia 2.2% Probiotic Yogurt Mango 650 g,Activia,Dairy & Eggs,Yogurt,Flavoured Yogurt,4,"Ice cream, fruit, yogurt or juice",medium
219144,056800345964,Activia 2.2% Yogurt With Probiotics Blueberry 650 g,Activia,Dairy & Eggs,Yogurt,Flavoured Yogurt,4,"Ice cream, fruit, yogurt or juice",medium
1096,056800162677,Activia 2.2% Yogurt With Probiotics Raspberry Flavour 650 g,Activia,Dairy & Eggs,Yogurt,Flavoured Yogurt,4,"Ice cream, fruit, yogurt or juice",medium
437260,056800098273,Activia 2.2% Yogurt With Probiotics Strawberry Flavour 650 g,Activia,Dairy & Eggs,Yogurt,Flavoured Yogurt,4,"Ice cream, fruit, yogurt or juice",medium
437262,056800098297,Activia 2.2% Yogurt With Probiotics Vanilla Flavour 650 g,Activia,Dairy & Eggs,Yogurt,Flavoured Yogurt,4,"Ice cream, fruit, yogurt or juice",medium
886569,056800767797,Activia Drinkable Probiotic Strawberry Banana  8 x 93 ml,Activia,Dairy & Eggs,Yogurt,Drinkable Yogurt,4,"Ice cream, fruit, yogurt or juice",medium
145062,056800195637,Activia Fat-Free 0% Probiotics Yogurt Vanilla 650 g,Activia,Dairy & Eggs,Yogurt,Flavoured Yogurt,4,"Ice cream, fruit, yogurt or juice",medium
903503,056800355765,Activia Immune System Probiotic Drinkable Yogurt Strawberry 8 x 93 ml (bottles),Activia,Dairy & Eggs,Yogurt,Drinkable Yogurt,4,"Ice cream, fruit, yogurt or juice",medium
630665,056800091267,Activia Lactose-Free Probiotic Yogurt Vanilla Raspberry Cherry Strawberry 12 x 100 g,Activia,Dairy & Eggs,Yogurt,Flavoured Yogurt,4,"Ice cream, fruit, yogurt or juice",medium
319762,056800739060,Activia Probiotic Yogurt Cherry Raspberry Apple Blackberry & Strawberry Value Size 12 x 100 g,Activia,Dairy & Eggs,Yogurt,Flavoured Yogurt,4,"Ice cream, fruit, yogurt or juice",medium
697113,056800249170,Activia Probiotic Yogurt Plain 650 g,Activia,Dairy & Eggs,Yogurt,Plain Yogurt,4,"Ice cream, fruit, yogurt or juice",medium
233418,056800430318,Activia Probiotic Yogurt Strawberry Blueberry Raspberry Peach 12 x 100 g,Activia,Dairy & Eggs,Yogurt,Flavoured Yogurt,4,"Ice cream, fruit, yogurt or juice",medium
108370,056800960518,Activia Probiotics Yogurt Source Of Fibres Strawberry-Wildberry-Mango 12 x 95 g,Activia,Dairy & Eggs,Yogurt,Flavoured Yogurt,4,"Ice cream, fruit, yogurt or juice",medium
108232,056800953404,Activia Probiotics Yogurt Source of Fibres Vanilla/Blueberry/Strawberry-Kiwi/Peach 12 x 95g,Activia,Dairy & Eggs,Yogurt,Flavoured Yogurt,4,"Ice cream, fruit, yogurt or juice",medium
904340,056800344479,Activia Probiotics Yogurt Tub Peach Flavour 650 g,ACTIVIA,Dairy & Eggs,Yogurt,Flavoured Yogurt,4,"Ice cream, fruit, yogurt or juice",medium
341989,056800755336,Activia Probiotics Yogurt Yellow Apple Apricot Mango Peach Value Size 12 x 100 g,Activia,Dairy & Eggs,Yogurt,Flavoured Yogurt,4,"Ice cream, fruit, yogurt or juice",medium
319751,056800739022,Activia Yogurt With Probiotics Cherry Flavour 650 g,Activia,Dairy & Eggs,Yogurt,Flavoured Yogurt,4,"Ice cream, fruit, yogurt or juice",medium
321043,056800739015,Activia Yogurt With Probiotics Lemon Flavour 650 g,Activia,Dairy & Eggs,Yogurt,Flavoured Yogurt,4,"Ice cream, fruit, yogurt or juice",medium
862764,057825750023,Astro Original 2% Yogurt Balkan Style Plain 750 g,Astro,Dairy & Eggs,Yogurt,Plain Yogurt,4,"Ice cream, fruit, yogurt or juice",medium
174757,068200315911,Astro Original 3% Yogurt Fruit On The Bottom Variety Pack 12 x 100 g,Astro,Dairy & Eggs,Yogurt,Flavoured Yogurt,4,"Ice cream, fruit, yogurt or juice",medium
632688,068200442877,Astro Original 3.25% Yogurt Balkan Style Banana 650 g,Astro,Dairy & Eggs,Yogurt,Flavoured Yogurt,4,"Ice cream, fruit, yogurt or juice",medium
632691,068200442884,Astro Original 3.25% Yogurt Balkan Style Cherry 650 g,Astro,Dairy & Eggs,Yogurt,Flavoured Yogurt,4,"Ice cream, fruit, yogurt or juice",medium
756337,068200315478,Astro Original 3.25% Yogurt Balkan Style Peach/Strawberry/Blueberry/Vanilla 12 x 100 g,Astro,Dairy & Eggs,Yogurt,Flavoured Yogurt,4,"Ice cream, fruit, yogurt or juice",medium
360309,068200442839,Astro Original 3.25% Yogurt Balkan Style Strawberry 650 g,Astro,Dairy & Eggs,Yogurt,Flavoured Yogurt,4,"Ice cream, fruit, yogurt or juice",medium
160632,068200443065,Astro Original 3.25% Yogurt Balkan Style Vanilla 650 g,Astro,Dairy & Eggs,Yogurt,Flavoured Yogurt,4,"Ice cream, fruit, yogurt or juice",medium
174764,068200315904,Astro Original 4% Yogurt Fruit On The Bottom Multipack 12 x 100 g,Astro,Dairy & Eggs,Yogurt,Flavoured Yogurt,4,"Ice cream, fruit, yogurt or juice",medium
121578,068200750156,Astro Original 6% Yogurt Balkan Plain 750 g,Astro,Dairy & Eggs,Yogurt,Plain Yogurt,4,"Ice cream, fruit, yogurt or juice",medium
755965,011115000304,Becel Margarine Plant-Based Sticks Unsalted 454 g,Becel,Dairy & Eggs,Butter & Margarine,Margarine,dairy,"Dairy section: milk, eggs, cheese, butter/margarine, sour cream, creamers or dairy alternatives (verify shelf placement)",suggested
693753,059950000141,Becel Plant Based Margarine With Avocado Oil 850 g,Becel,Dairy & Eggs,Butter & Margarine,Margarine,dairy,"Dairy section: milk, eggs, cheese, butter/margarine, sour cream, creamers or dairy alternatives (verify shelf placement)",suggested
1416605,011115157053,Becel Vegan Margarine 800 g,Becel,Dairy & Eggs,Butter & Margarine,,dairy,"Dairy section: milk, eggs, cheese, butter/margarine, sour cream, creamers or dairy alternatives (verify shelf placement)",suggested
525601,011115001370,Becel Vegan Margarine 850 g,Becel,Dairy & Eggs,Butter & Margarine,Margarine,dairy,"Dairy section: milk, eggs, cheese, butter/margarine, sour cream, creamers or dairy alternatives (verify shelf placement)",suggested
452768,065651003459,Burnbrae Farms Egg Creations Fat-Free Egg Whites Original 500 g,Burnbrae Farms,Dairy & Eggs,Eggs,Liquid Eggs & Whites,dairy,"Dairy section: milk, eggs, cheese, butter/margarine, sour cream, creamers or dairy alternatives (verify shelf placement)",suggested
1393342,627985001251,Chalo Lassi 1% Drinkable Yogurt  Salty Spiced 1 L (bottle),Chalo,Dairy & Eggs,International Foods,Caribbean,4,"Ice cream, fruit, yogurt or juice",medium
957307,055742550498,Compliments 0% Greek Yogurt Plain 650 g,Compliments,Dairy & Eggs,Yogurt,Greek Yogurt,4,"Ice cream, fruit, yogurt or juice",medium
957308,055742550504,Compliments 0% Greek Yogurt Vanilla 650 g,Compliments,Dairy & Eggs,Yogurt,Greek Yogurt,4,"Ice cream, fruit, yogurt or juice",medium
170283,055742380989,Compliments 100% Pure Liquid Egg Whites 500 g,Compliments,Dairy & Eggs,Eggs,Liquid Eggs & Whites,dairy,"Dairy section: milk, eggs, cheese, butter/margarine, sour cream, creamers or dairy alternatives (verify shelf placement)",suggested
297108,055742522372,Compliments Butter Stick Salted 454 g,Compliments,Dairy & Eggs,Butter & Margarine,Butter,dairy,"Dairy section: milk, eggs, cheese, butter/margarine, sour cream, creamers or dairy alternatives (verify shelf placement)",suggested
297109,055742522365,Compliments Butter Stick Unsalted 454 g,Compliments,Dairy & Eggs,Butter & Margarine,Butter,dairy,"Dairy section: milk, eggs, cheese, butter/margarine, sour cream, creamers or dairy alternatives (verify shelf placement)",suggested
988461,055742571912,Compliments Margarine with 68% Vegetable Oil 1.28 kg,Compliments,Dairy & Eggs,Butter & Margarine,Margarine,dairy,"Dairy section: milk, eggs, cheese, butter/margarine, sour cream, creamers or dairy alternatives (verify shelf placement)",suggested
437783,"055742357509,055742357462",Compliments White Eggs Large 12 Count,Compliments,Dairy & Eggs,Eggs,Whole Eggs,dairy,"Dairy section: milk, eggs, cheese, butter/margarine, sour cream, creamers or dairy alternatives (verify shelf placement)",suggested
507787,068700045059,Dairyland Butter Salted 454 g,Dairyland,Dairy & Eggs,Butter & Margarine,Butter,dairy,"Dairy section: milk, eggs, cheese, butter/margarine, sour cream, creamers or dairy alternatives (verify shelf placement)",suggested
511614,068700045066,Dairyland Butter Unsalted 454 g,Dairyland,Dairy & Eggs,Butter & Margarine,Butter,dairy,"Dairy section: milk, eggs, cheese, butter/margarine, sour cream, creamers or dairy alternatives (verify shelf placement)",suggested
81591,073570130149,Heluva Good! Sour Cream Dip French Onion 680 g,Heluva Good,Dairy & Eggs,Sour Cream,Cheese & Deli,dairy,"Dairy section: milk, eggs, cheese, butter/margarine, sour cream, creamers or dairy alternatives (verify shelf placement)",suggested
336140,191011001299,Just Egg Plant Based Egg 500 g,Just Egg,Dairy & Eggs,Eggs,Liquid Eggs & Whites,dairy,"Dairy section: milk, eggs, cheese, butter/margarine, sour cream, creamers or dairy alternatives (verify shelf placement)",suggested
1310881,068200357133,Khaas Dahi 3% Yogurt Plain Family Pack 1.75 kg,KHAAS,Dairy & Eggs,Yogurt,Plain Yogurt,4,"Ice cream, fruit, yogurt or juice",medium
257912,068200357508,Khaas Halal 3% Plain Yogurt 750 g,Khaas,Dairy & Eggs,Yogurt,International Foods,4,"Ice cream, fruit, yogurt or juice",medium
512037,065684116164,Liberté 1% Kefir Strawberry 1 L,Liberte,Dairy & Eggs,Yogurt,Flavoured Yogurt,4,"Ice cream, fruit, yogurt or juice",medium
102596,065684136520,Liberté 2% Greek Yogourt Peach Passion Fruit 650 g,Liberte,Dairy & Eggs,Yogurt,Flavoured Yogurt,4,"Ice cream, fruit, yogurt or juice",medium
305051,065684005109,Liberté Greek 0% Yogurt Plain High Protein 750 g,Liberte,Dairy & Eggs,Yogurt,Greek Yogurt,4,"Ice cream, fruit, yogurt or juice",medium
753930,065684100675,Liberté Greek 0% Yogurt Vanilla High Protein 750 g,Liberte,Dairy & Eggs,Yogurt,Greek Yogurt,4,"Ice cream, fruit, yogurt or juice",medium
1241,065684132942,Liberté Greek 2% Yogurt High Protein Extra Fruit Pineapple 650 g,Liberte,Dairy & Eggs,Yogurt,Flavoured Yogurt,4,"Ice cream, fruit, yogurt or juice",medium
362270,065684004706,Liberté Greek 2% Yogurt Plain High Protein 750 g,Liberte,Dairy & Eggs,Yogurt,Plain Yogurt,4,"Ice cream, fruit, yogurt or juice",medium
362274,065684004713,Liberté Greek 2% Yogurt Vanilla High Protein 750 g,Liberte,Dairy & Eggs,Yogurt,Flavoured Yogurt,4,"Ice cream, fruit, yogurt or juice",medium
643565,065684120918,Liberté Greek 5% Extra Creamy Yogurt Plain High Protein 650 g,Liberte,Dairy & Eggs,Yogurt,Plain Yogurt,4,"Ice cream, fruit, yogurt or juice",medium
643574,065684120925,Liberté Greek 5% Extra Creamy Yogurt Vanilla Bean High Protein 650 g,Liberte,Dairy & Eggs,Yogurt,Flavoured Yogurt,4,"Ice cream, fruit, yogurt or juice",medium
512033,065684100644,Liberté Kéfir Mango 1% 1 L,Liberte,Dairy & Eggs,Yogurt,Flavoured Yogurt,4,"Ice cream, fruit, yogurt or juice",medium
512038,065684116157,Liberté Kéfir Plain 1% 1 L,Liberte,Dairy & Eggs,Yogurt,Drinkable Yogurt,4,"Ice cream, fruit, yogurt or juice",medium
375558,065684004751,Liberté Lactose-Free 0% Greek Yogurt Plain 750 g,Liberte,Dairy & Eggs,Yogurt,Greek Yogurt,4,"Ice cream, fruit, yogurt or juice",medium
459400,065684004768,Liberté Lactose-Free 0% Greek Yogurt Vanilla 750 g,Liberte,Dairy & Eggs,Yogurt,Flavoured Yogurt,4,"Ice cream, fruit, yogurt or juice",medium
144629,077661111482,Litehouse Original Dip Caramel 340 g,Litehouse,Dairy & Eggs,Sour Cream,Cheese & Deli,dairy,"Dairy section: milk, eggs, cheese, butter/margarine, sour cream, creamers or dairy alternatives (verify shelf placement)",suggested
1322729,064420158017,Natrel Lactose-Free 0% Milk 2 L,Natrel,Dairy & Eggs,Milk,Dairy Milk,dairy,"Dairy section: milk, eggs, cheese, butter/margarine, sour cream, creamers or dairy alternatives (verify shelf placement)",suggested
664955,055872105018,Natrel Lactose-Free 1% Milk Chocolate 2 L,Natrel,Dairy & Eggs,Milk,Flavoured Milk,dairy,"Dairy section: milk, eggs, cheese, butter/margarine, sour cream, creamers or dairy alternatives (verify shelf placement)",suggested
1322433,064420058010,Natrel Lactose-Free 1% Milk Partly Skimmed 2 L,Natrel,Dairy & Eggs,Milk,Dairy Milk,dairy,"Dairy section: milk, eggs, cheese, butter/margarine, sour cream, creamers or dairy alternatives (verify shelf placement)",suggested
1322716,064420258014,Natrel Lactose-Free 2% Milk 2 L,Natrel,Dairy & Eggs,Milk,Dairy Milk,dairy,"Dairy section: milk, eggs, cheese, butter/margarine, sour cream, creamers or dairy alternatives (verify shelf placement)",suggested
1322653,064420358011,Natrel Lactose-Free 3.25% Milk 2 L,Natrel,Dairy & Eggs,Milk,Dairy Milk,dairy,"Dairy section: milk, eggs, cheese, butter/margarine, sour cream, creamers or dairy alternatives (verify shelf placement)",suggested
597311,056800630954,Oikos 0% Greek Yogurt Blended High Protein Vanilla 650 g,Oikos,Dairy & Eggs,Yogurt,Greek Yogurt,4,"Ice cream, fruit, yogurt or juice",medium
510651,056800521085,Oikos 11% Greek Yogurt Extra Creamy Plain 750 g,Oikos,Dairy & Eggs,Yogurt,Greek Yogurt,4,"Ice cream, fruit, yogurt or juice",medium
675872,056800186246,Oikos 2% Greek Yogurt Blended Banana Flavour 4 x 100 g,Oikos,Dairy & Eggs,Yogurt,Flavoured Yogurt,4,"Ice cream, fruit, yogurt or juice",medium
302123,056800666717,Oikos 2% Greek Yogurt Blended Key Lime Flavour 4 x 100 g,Oikos,Dairy & Eggs,Yogurt,Greek Yogurt,4,"Ice cream, fruit, yogurt or juice",medium
412325,056800470505,Oikos 2% Greek Yogurt Blended Strawberry-Banana Flavour 4 x 100 g,Oikos,Dairy & Eggs,Yogurt,Greek Yogurt,4,"Ice cream, fruit, yogurt or juice",medium
319951,"056800737899,056800554168",Oikos 2% Greek Yogurt Blended Vanilla Flavour 4 x 100 g,Oikos,Dairy & Eggs,Yogurt,Greek Yogurt,4,"Ice cream, fruit, yogurt or juice",medium
302684,056800666724,Oikos 2% Greek Yogurt Fruit On Bottom Raspberry Pomegranate 4 x 100 g,Oikos,Dairy & Eggs,Yogurt,Flavoured Yogurt,4,"Ice cream, fruit, yogurt or juice",medium
285469,"056800554700,056800565072",Oikos 2% Greek Yogurt Fruit On The Bottom Blueberry Flavour 4 x 100 g,Oikos,Dairy & Eggs,Yogurt,Greek Yogurt,4,"Ice cream, fruit, yogurt or juice",medium
285407,056800552430,Oikos 2% Greek Yogurt Fruit On The Bottom Strawberry Flavour 4 x 100 g,Oikos,Dairy & Eggs,Yogurt,Greek Yogurt,4,"Ice cream, fruit, yogurt or juice",medium
573649,056800938623,Oikos 2% Greek Yogurt Plain 4 x 100 g,Oikos,Dairy & Eggs,Yogurt,Greek Yogurt,4,"Ice cream, fruit, yogurt or juice",medium
301463,056800664836,Oikos Fat-Free 0% Greek Yogurt Fruit On The Bottom Cherry Flavour 4 x 100 g,Oikos,Dairy & Eggs,Yogurt,Greek Yogurt,4,"Ice cream, fruit, yogurt or juice",medium
301461,056800664829,Oikos Fat-Free 0% Greek Yogurt Fruit On The Bottom Peach-Mango 4 x 100 g,Oikos,Dairy & Eggs,Yogurt,Flavoured Yogurt,4,"Ice cream, fruit, yogurt or juice",medium
598017,056800634211,Oikos Fat-Free 0% Greek Yogurt High Protein Plain 650 g,Oikos,Dairy & Eggs,Yogurt,Greek Yogurt,4,"Ice cream, fruit, yogurt or juice",medium
903448,056800355741,Oikos Lactose-Free 0% Greek Yogurt Plain 750 g,Oikos,Dairy & Eggs,Yogurt,Greek Yogurt,4,"Ice cream, fruit, yogurt or juice",medium
1311354,056800510157,Oikos PRO High Protein Greek Yogurt Plain 650 g,Oikos,Dairy & Eggs,Yogurt,Greek Yogurt,4,"Ice cream, fruit, yogurt or juice",medium
1311355,056800510133,Oikos PRO High Protein Greek Yogurt Strawberry 650 g,Oikos,Dairy & Eggs,Yogurt,Flavoured Yogurt,4,"Ice cream, fruit, yogurt or juice",medium
1311356,056800510140,Oikos PRO High Protein Greek Yogurt Vanilla 650 g,Oikos,Dairy & Eggs,Yogurt,Flavoured Yogurt,4,"Ice cream, fruit, yogurt or juice",medium
1311357,056800510164,Oikos PRO High Protein Yogurt Banana 18 g protein 650 g,Oikos,Dairy & Eggs,Yogurt,Flavoured Yogurt,4,"Ice cream, fruit, yogurt or juice",medium
371384,059161402208,Olympic 2% Greek Yogurt Plain 1.75 kg,Olympic,Dairy & Eggs,Yogurt,Plain Yogurt,4,"Ice cream, fruit, yogurt or juice",medium
395191,059161402307,Olympic Krema 10% Yogurt Plain 1.75 kg,Olympic,Dairy & Eggs,Yogurt,Plain Yogurt,4,"Ice cream, fruit, yogurt or juice",medium
395192,059161402000,Olympic Krema 9% Yogurt Vanilla 1.75 kg,Olympic,Dairy & Eggs,Yogurt,Flavoured Yogurt,4,"Ice cream, fruit, yogurt or juice",medium
825608,059161701752,Olympic Organic 3.5% Yogurt Plain 1.75 kg,Olympic,Dairy & Eggs,Yogurt,Plain Yogurt,4,"Ice cream, fruit, yogurt or juice",medium
189192,059161702032,Olympic Organic 3.5% Yogurt Plain 650 g,Olympic,Dairy & Eggs,Yogurt,Plain Yogurt,4,"Ice cream, fruit, yogurt or juice",medium
201902,060410072981,Ruffles Dip Onion Flavoured 425 g,Ruffles,Dairy & Eggs,Sour Cream,Cheese & Deli,dairy,"Dairy section: milk, eggs, cheese, butter/margarine, sour cream, creamers or dairy alternatives (verify shelf placement)",suggested
653728,068200325125,Siggi's Skyr Yogurt 0% Vanilla 750 g,siggi's,Dairy & Eggs,Yogurt,Flavoured Yogurt,4,"Ice cream, fruit, yogurt or juice",medium
24024,068200325033,Siggi's Skyr Yogurt 2% Raspberry 650 g,siggi's,Dairy & Eggs,Yogurt,Flavoured Yogurt,4,"Ice cream, fruit, yogurt or juice",medium
885999,068200325057,Siggi's Skyr Yogurt 2% Strawberry 650 g,siggi's,Dairy & Eggs,Yogurt,Flavoured Yogurt,4,"Ice cream, fruit, yogurt or juice",medium
1310883,068200325675,Siggi's Skyr Yogurt 3.25% Vanilla 650 g,siggi's,Dairy & Eggs,Yogurt,Yogurt Tubs,4,"Ice cream, fruit, yogurt or juice",medium
653731,068200325095,Siggi's Skyr Yogurt 3.6% Plain 750 g,siggi's,Dairy & Eggs,Yogurt,Plain Yogurt,4,"Ice cream, fruit, yogurt or juice",medium
101566,056920136268,Yoplait 0% Yogurt Source Protein Vanilla 650 g,Yoplait,Dairy & Eggs,Yogurt,Flavoured Yogurt,4,"Ice cream, fruit, yogurt or juice",medium
402838,056920060211,Yoplait Source 0% Smooth Traditional Yogurt Cups Variety Pack 16 x 100 g,Yoplait,Dairy & Eggs,Yogurt,Flavoured Yogurt,4,"Ice cream, fruit, yogurt or juice",medium
402847,056920060204,Yoplait Source 0% Traditional Yogurt Smooth Cups Variety Pack 16 x 100 g,Yoplait,Dairy & Eggs,Yogurt,Flavoured Yogurt,4,"Ice cream, fruit, yogurt or juice",medium
17526,056920133427,Yoplait Yogurt Tube Strawberry-Banana & Fruit Punch 8 x 56 g,Yoplait,Dairy & Eggs,Yogurt,Drinkable Yogurt,4,"Ice cream, fruit, yogurt or juice",medium
17474,056920134127,Yoplait Yogurt Tubes Special Edition Red White And Blue Pop 8 x 56 g,Yoplait,Dairy & Eggs,Yogurt,Drinkable Yogurt,4,"Ice cream, fruit, yogurt or juice",medium
320113,629025410009,iÖGO 1% Yogurt Cups Creamy Strawberry Raspberry Blueberry Vanilla 16 x 100 g,iÖGO,Dairy & Eggs,Yogurt,Flavoured Yogurt,4,"Ice cream, fruit, yogurt or juice",medium
374350,629025410122,iÖGO 1% Yogurt Pouch Creamy Vanilla 2 kg,iÖGO,Dairy & Eggs,Yogurt,Flavoured Yogurt,4,"Ice cream, fruit, yogurt or juice",medium
391966,629025410375,iÖGO Lactose-Free 1% Yogurt Cups Creamy Cherry Lemon Blackberry-Blueberry Vanilla 16 x 100 g,iÖGO,Dairy & Eggs,Yogurt,Flavoured Yogurt,4,"Ice cream, fruit, yogurt or juice",medium
997536,065400000739,7Up Soft Drink Lemon & Lime 2 L (bottle),7Up,Drinks,Soft Drinks,Other Soft Drinks,9,"Snack, candy or soft drink",medium
997537,065400000746,7Up Soft Drink Zero 2 L (bottle),7Up,Drinks,Soft Drinks,Diet Soft Drinks,9,"Snack, candy or soft drink",medium
990018,"059531001604,059531003905",A&W Soft Drink Diet Root Beer 2 L  (bottle),A&W,Drinks,Soft Drinks,Diet Soft Drinks,9,"Snack, candy or soft drink",medium
990604,"059531000607,059531002908",A&W Soft Drink Root Beer 2 L (bottle),A&W,Drinks,Soft Drinks,Other Soft Drinks,9,"Snack, candy or soft drink",medium
691420,059531002823,A&W Soft Drink Root Beer 6 x 222 ml (cans),A&W,Drinks,Soft Drinks,Other Soft Drinks,9,"Snack, candy or soft drink",medium
1305821,810030516125,Alani Nu Energy Dream Float Drink 355 ml,Alani Nu,Drinks,Sports & Energy Drinks,Sports Drinks,other,No reliable aisle rule matched,review
1287721,810030511281,Alani Nu Orange Kiss Energy Drink 355 ml,Alani Nu,Drinks,Sports & Energy Drinks,Sports Drinks,9,"Snack, candy or soft drink",medium
1335727,810030517191,Alani Nu Pink Slush Energy Drink 355 ml,Alani Nu,Drinks,Sports & Energy Drinks,Sports Drinks,9,"Snack, candy or soft drink",medium
146247,067000012389,Body Armor Sports Drink Fruit Punch 473 ml (bottle),BodyArmor,Drinks,Sports & Energy Drinks,Sports Drinks,4,"Ice cream, fruit, yogurt or juice",medium
149378,067000012365,Body Armor Sports Drink Orange Mango 473 ml (bottle),BodyArmor,Drinks,Sports & Energy Drinks,Sports Drinks,other,No reliable aisle rule matched,review
146198,067000012327,Body Armor Sports Drink Strawberry Banana 473 ml (bottle),BodyArmor,Drinks,Sports & Energy Drinks,Sports Drinks,other,No reliable aisle rule matched,review
867810,062100010389,Canada Dry Diet Soft Drink Ginger Ale 6 x 222 ml (cans),Canada Dry,Drinks,Soft Drinks,Ginger Ale,9,"Snack, candy or soft drink",medium
693775,062100010426,Canada Dry Mini Soft Drink Club Soda 6 x 222 ml (cans),Canada Dry,Drinks,Soft Drinks,Other Soft Drinks,9,"Snack, candy or soft drink",medium
271859,062100001448,Canada Dry Mini Soft Drink Ginger Ale 6 x 222 ml (cans),Canada Dry,Drinks,Soft Drinks,Ginger Ale,9,"Snack, candy or soft drink",medium
697625,062100010488,Canada Dry Soft Drink Ginger Ale Cranberry 6 x 222 ml (cans),Canada Dry,Drinks,Soft Drinks,Ginger Ale,9,"Snack, candy or soft drink",medium
160327,062100011508,Canada Dry Soft Drink Ginger Beer 6 x 222 ml (cans),Canada Dry,Drinks,Soft Drinks,Other Soft Drinks,9,"Snack, candy or soft drink",medium
5040,062100000267,Canada Dry Soft Drink Zero Ginger Ale 2 L (bottle),Canada Dry,Drinks,Soft Drinks,Ginger Ale,9,"Snack, candy or soft drink",medium
5121,062100011300,Canada Dry Zero Sugar Soft Drink Ginger Ale 12 x 355 ml (cans),Canada Dry,Drinks,Soft Drinks,,9,"Snack, candy or soft drink",medium
5099,062100011287,Canada Dry Zero Sugar Soft Drink Ginger Ale 6 x 222 ml (cans),Canada Dry,Drinks,Soft Drinks,Other Soft Drinks,9,"Snack, candy or soft drink",medium
110994,033613029151,Chubby Soft Drink Go Bananas 250 ml (bottle),Chubby,Drinks,Soft Drinks,Other Soft Drinks,9,"Snack, candy or soft drink",medium
266523,067000109843,Coca-Cola Diet Coke Soft Drink Mini Sleek 6 x 222 ml (cans),Coca-Cola,Drinks,Soft Drinks,Diet Soft Drinks,9,"Snack, candy or soft drink",medium
1439418,067000014949,Coca-Cola Soft Drink Vanilla 6 x 710 ml (bottles),Coca-Cola,Drinks,Soft Drinks,,9,"Snack, candy or soft drink",medium
503214,055742335217,Compliments Diet Soft Drink Lemon Lime 2 L (bottle),Compliments,Drinks,Soft Drinks,Diet Soft Drinks,9,"Snack, candy or soft drink",medium
503215,055742335316,Compliments Soft Drink Black Cherry 2 L (bottle),Compliments,Drinks,Soft Drinks,Other Soft Drinks,9,"Snack, candy or soft drink",medium
245138,055742510942,Compliments Soft Drink Cream Soda 2 L (bottle),Compliments,Drinks,Soft Drinks,Other Soft Drinks,9,"Snack, candy or soft drink",medium
503213,055742335323,Compliments Soft Drink Grape 2 L (bottle),Compliments,Drinks,Soft Drinks,Other Soft Drinks,9,"Snack, candy or soft drink",medium
503216,055742335293,Compliments Soft Drink Root Beer 2 L (bottle),Compliments,Drinks,Soft Drinks,Other Soft Drinks,9,"Snack, candy or soft drink",medium
997588,056000003084,Crush Soft Drink Cream Soda 2 L (bottle),Crush,Drinks,Soft Drinks,Other Soft Drinks,9,"Snack, candy or soft drink",medium
997538,056000000908,Crush Soft Drink Orange 2 L (bottle),Crush,Drinks,Soft Drinks,Other Soft Drinks,9,"Snack, candy or soft drink",medium
205516,068100068429,Crystal Light Drink Mix Pink Lemonade 45 g,Crystal Light,Drinks,Fruit & Vegetable Juice,Fruit Blends & Other Juices,other,Juice location depends on format,review
205515,068100068382,Crystal Light Drink Mix Singles Lemon Lime 36 g,Crystal Light,Drinks,Fruit & Vegetable Juice,Fruit Blends & Other Juices,5,"Breakfast spreads, hot drinks or shelf-stable beverages",medium
344025,068100001235,Crystal Light Liquid Drink Mix Blueberry Razz 48 ml,Crystal Light,Drinks,Fruit & Vegetable Juice,Fruit Blends & Other Juices,5,"Breakfast spreads, hot drinks or shelf-stable beverages",medium
997755,054900000608,Dr Pepper Soft Drink 2 L (bottle),Dr Pepper,Drinks,Soft Drinks,Other Soft Drinks,9,"Snack, candy or soft drink",medium
28683,067000011535,Fanta Naturally Flavoured Sparkling Beverage Orange 6 × 222 ml,Fanta,Drinks,Soft Drinks,Other Soft Drinks,other,No reliable aisle rule matched,review
29922,067000011566,Fanta Soft Drink Orange 12 x 355 ml (cans),Fanta,Drinks,Soft Drinks,,9,"Snack, candy or soft drink",medium
9986,067000011641,Fanta Soft Drink Orange 2 L (bottle),Fanta,Drinks,Soft Drinks,Other Soft Drinks,9,"Snack, candy or soft drink",medium
1321091,067000013843,Fanta Sparkling Beverage Pineapple 2 L (bottle),Fanta,Drinks,Soft Drinks,Other Soft Drinks,other,No reliable aisle rule matched,review
147538,057271164672,Gatorade G Zero Glacier Cherry Drink 6 X 591 ml,Gatorade,Drinks,Sports & Energy Drinks,Sports Drinks,other,No reliable aisle rule matched,review
953095,057271162760,Gatorade Perform Sports Drink Fruit Punch 8 x 355 ml (bottles),Gatorade,Drinks,Sports & Energy Drinks,Sports Drinks,4,"Ice cream, fruit, yogurt or juice",medium
235462,055577310991,Gatorade Sports Drink 4 Flavour 24 x 591 ml (bottles),Gatorade,Drinks,Sports & Energy Drinks,Sports Drinks,other,No reliable aisle rule matched,review
75139,055577420515,Gatorade Sports Drink Cool Blue Raspberry 6 x 591 ml (bottles),Gatorade,Drinks,Sports & Energy Drinks,Sports Drinks,other,No reliable aisle rule matched,review
235502,055577312780,Gatorade Sports Drink G2 Club Pack 24 x 591 ml (bottles),Gatorade,Drinks,Sports & Energy Drinks,Sports Drinks,other,No reliable aisle rule matched,review
481203,057271555418,Gatorade Sports Drink Glacier Cherry 6 x 591 ml (bottles),Gatorade,Drinks,Sports & Energy Drinks,Sports Drinks,other,No reliable aisle rule matched,review
733542,055577420522,Gatorade Sports Drink Lemon Lime 6 x 591 ml (bottles),Gatorade,Drinks,Sports & Energy Drinks,Sports Drinks,other,No reliable aisle rule matched,review
75142,055577420508,Gatorade Sports Drink Orange 6 x 591 ml (bottles),Gatorade,Drinks,Sports & Energy Drinks,Sports Drinks,other,No reliable aisle rule matched,review
335116,057271163798,Gatorade Zero Drink Mix Powder Orange 10 Pack 30 g,Gatorade,Drinks,Sports & Energy Drinks,Sports Drinks,5,"Breakfast spreads, hot drinks or shelf-stable beverages",medium
512718,057271164122,Gatorade Zero Sport Drink Glacier Freeze 6 x 591 ml (bottles),Gatorade,Drinks,Sports & Energy Drinks,Sports Drinks,other,No reliable aisle rule matched,review
1316860,057271164924,Gatorade Zero Sports Drink Apple Burst 8 x 355 ml (bottles),Gatorade,Drinks,Sports & Energy Drinks,Sports Drinks,other,No reliable aisle rule matched,review
953084,057271162647,Gatorade Zero Sports Drink Berry 6 x 591 ml (bottles),Gatorade,Drinks,Sports & Energy Drinks,Sports Drinks,other,No reliable aisle rule matched,review
656214,057271164320,Gatorade Zero Sports Drink Grape 6 x 591 ml (bottles),Gatorade,Drinks,Sports & Energy Drinks,Sports Drinks,other,No reliable aisle rule matched,review
1316859,057271164900,Gatorade Zero Sports Drink Watermelon Splash 8 x 355 ml (bottles),Gatorade,Drinks,Sports & Energy Drinks,Sports Drinks,other,No reliable aisle rule matched,review
395735,055325036555,Glucerna Meal Replacement Supplement Vanilla 6 x 237 ml (bottles),Glucerna,Drinks,Sports & Energy Drinks,Pharmacy & Wellness,other,No reliable aisle rule matched,review
385304,068100001297,Kool-Aid Liquid Drink Mix Orange 48 ml,Kool-Aid,Drinks,Fruit & Vegetable Juice,Fruit Blends & Other Juices,5,"Breakfast spreads, hot drinks or shelf-stable beverages",medium
385300,068100001280,Kool-Aid Liquid Drink Mix Tropical Punch 48 ml,Kool-Aid,Drinks,Fruit & Vegetable Juice,Fruit Blends & Other Juices,5,"Breakfast spreads, hot drinks or shelf-stable beverages",medium
1308736,055000212298,Maison Perrier Sparkling Water Beverage Forever Passion Fruit 1 L,Maison Perrier,Drinks,Water,Sparkling Water,other,No reliable aisle rule matched,review
1304662,068100906301,Mio Hydrate Zero Sugar Drink Mix Lemon Lime 10 x 4.5 g,Mio,Drinks,Fruit & Vegetable Juice,Fruit Blends & Other Juices,5,"Breakfast spreads, hot drinks or shelf-stable beverages",medium
333938,068100905625,Mio Zero Sugar Drink Mix Fruit Punch 10 x 2.6 g,Mio,Drinks,Fruit & Vegetable Juice,Fruit Blends & Other Juices,other,Juice location depends on format,review
334749,068100905595,Mio Zero Sugar Energy Drink Mix Grape 10 x 3.3 g,Mio,Drinks,Fruit & Vegetable Juice,Fruit Blends & Other Juices,9,"Snack, candy or soft drink",medium
334750,068100905601,Mio Zero Sugar Energy Drink Mix Peach Mango 10 x 2.4 g,Mio,Drinks,Fruit & Vegetable Juice,Fruit Blends & Other Juices,9,"Snack, candy or soft drink",medium
339848,068100905588,Mio Zero Sugar Energy Drink Mix Wild Strawberry 10 × 3.2 g,Mio,Drinks,Fruit & Vegetable Juice,Fruit Blends & Other Juices,9,"Snack, candy or soft drink",medium
1308691,070847898832,Monster Energy Drink + Juice Rio Punch 473 ml,Monster,Drinks,Sports & Energy Drinks,Energy Drinks,9,"Snack, candy or soft drink",medium
268291,070847812326,Monster Energy Drink 4 x 473 ml (cans),Monster,Drinks,Sports & Energy Drinks,Energy Drinks,9,"Snack, candy or soft drink",medium
429540,070847811190,Monster Energy Drink Green 473 ml (can),Monster,Drinks,Sports & Energy Drinks,Energy Drinks,9,"Snack, candy or soft drink",medium
564655,070847034063,Monster Energy Drink Mango Loco Punch 4 x 473 ml (cans),Monster,Drinks,Sports & Energy Drinks,Energy Drinks,9,"Snack, candy or soft drink",medium
934287,070847029724,Monster Energy Drink Punch Mango Loco 473 ml (can),Monster,Drinks,Sports & Energy Drinks,Energy Drinks,9,"Snack, candy or soft drink",medium
7458,070847890720,Monster Energy Drink Zero Sugar Ultra Peachy Keen 473 ml (can),Monster,Drinks,Sports & Energy Drinks,Energy Drinks,9,"Snack, candy or soft drink",medium
1379838,070847900313,Monster Punch Energy Drink Viking Berry 473 ml (can),Monster,Drinks,Sports & Energy Drinks,,9,"Snack, candy or soft drink",medium
269585,070847002901,Monster Zero Sugar Energy Drink 473 ml (can),Monster,Drinks,Sports & Energy Drinks,Energy Drinks,9,"Snack, candy or soft drink",medium
1367563,070847900177,Monster Zero Sugar Energy Drink Ultra Blue Hawaiian 473 ml (can),Monster-KO,Drinks,Sports & Energy Drinks,,9,"Snack, candy or soft drink",medium
1307475,070847898801,Monster Zero Sugar Energy Drink Ultra Fantasy Ruby Red 473 ml (can),Monster,Drinks,Sports & Energy Drinks,Energy Drinks,9,"Snack, candy or soft drink",medium
303665,069000020081,Mountain Dew Soft Drink Citrus 2 L (bottle),Mountain Dew,Drinks,Soft Drinks,Other Soft Drinks,9,"Snack, candy or soft drink",medium
500817,069000040553,Mug Soft Drink Root Beer 2 L (bottle),Mug,Drinks,Soft Drinks,Other Soft Drinks,9,"Snack, candy or soft drink",medium
214199,031200444820,Ocean Spray Diet Beverage Cran-Pomegranate 1.89 L (bottle),Ocean Spray,Drinks,Fruit & Vegetable Juice,Fruit Blends & Other Juices,other,No reliable aisle rule matched,review
343085,031200015952,Ocean Spray Diet Beverage Cranberry Cherry 1.89 L,Ocean Spray,Drinks,Fruit & Vegetable Juice,Cranberry Juice,other,No reliable aisle rule matched,review
214197,031200444813,Ocean Spray Juice Diet Beverage Cranberry 1.89 L (bottle),Ocean Spray,Drinks,Fruit & Vegetable Juice,Cranberry Juice,other,No reliable aisle rule matched,review
1287847,788434115766,One Gluten-Free Protein Bar Hershey's Cookies 'N' Creme 60 g,One,Drinks,Sports & Energy Drinks,Pharmacy & Wellness,9,"Snack, candy or soft drink",medium
1285887,788434115742,One Reese's Protein Bar Peanut Butter 60 g,One,Drinks,Sports & Energy Drinks,Pharmacy & Wellness,9,"Snack, candy or soft drink",medium
997745,069000204283,Pepsi Caffeine-Free Diet Soft Drink 12 x 355 ml (cans),Pepsi,Drinks,Soft Drinks,Diet Soft Drinks,9,"Snack, candy or soft drink",medium
997595,069000014288,Pepsi Diet Soft Drink 12 x 355 ml (cans),Pepsi,Drinks,Soft Drinks,Diet Soft Drinks,9,"Snack, candy or soft drink",medium
997533,069000012611,Pepsi Diet Soft Drink 2 L (bottle),Pepsi,Drinks,Soft Drinks,Diet Soft Drinks,9,"Snack, candy or soft drink",medium
482713,069000149041,Pepsi Diet Soft Drink 6 x 222 ml (cans),Pepsi,Drinks,Soft Drinks,Diet Soft Drinks,9,"Snack, candy or soft drink",medium
997535,069000202616,Pepsi Diet Soft Drink Caffeine Free 2 L (bottle),Pepsi,Drinks,Soft Drinks,Diet Soft Drinks,9,"Snack, candy or soft drink",medium
951042,069000149362,Pepsi Mini Soft Drink Zero Sugar 6 x 222 ml (cans),Pepsi,Drinks,Soft Drinks,Diet Soft Drinks,9,"Snack, candy or soft drink",medium
997532,069000002612,Pepsi Soft Drink 2 L (bottle),Pepsi,Drinks,Soft Drinks,Cola,9,"Snack, candy or soft drink",medium
325782,069000000625,Pepsi Soft Drink 24 x 355 ml (cans),Pepsi,Drinks,Soft Drinks,Cola,9,"Snack, candy or soft drink",medium
180936,069000013717,Pepsi Soft Drink Zero Sugar 12 x 355 ml (cans),Pepsi,Drinks,Soft Drinks,,9,"Snack, candy or soft drink",medium
22537,069000159941,Pepsi Zero Sugar Soft Drink Wild Cherry 12 x 355 ml (cans),Pepsi,Drinks,Soft Drinks,,9,"Snack, candy or soft drink",medium
481932,067000004865,Powerade Sports Drink Fruit Punch 710 ml (bottle),Powerade,Drinks,Sports & Energy Drinks,Sports Drinks,4,"Ice cream, fruit, yogurt or juice",medium
481933,067000004896,Powerade Sports Drink Grape 710 ml (bottle),Powerade,Drinks,Sports & Energy Drinks,Sports Drinks,other,No reliable aisle rule matched,review
481948,067000004889,Powerade Sports Drink Melon Pineapple 710 ml (bottle),Powerade,Drinks,Sports & Energy Drinks,Sports Drinks,other,No reliable aisle rule matched,review
481941,067000004858,Powerade Sports Drink Mixed Berry 710 ml (bottle),Powerade,Drinks,Sports & Energy Drinks,Sports Drinks,other,No reliable aisle rule matched,review
9885,067000011887,Powerade Zero Sugar Sports Drink Fruit Punch 710 ml (bottle),Powerade,Drinks,Sports & Energy Drinks,Sports Drinks,4,"Ice cream, fruit, yogurt or juice",medium
31507,629071000414,Red Bull Energy Drink The Red Edition Watermelon 250 ml (can),Red Bull,Drinks,Sports & Energy Drinks,Energy Drinks,9,"Snack, candy or soft drink",medium
903014,055000201483,San Pellegrino Italian Sparkling Drink Limonata 6 x 330 ml (cans),San Pellegrino,Drinks,Water,Sparkling Water,other,No reliable aisle rule matched,review
332688,055000210485,San Pellegrino Sparkling Beverage Light Blood Orange 6 x 330 ml (cans),San Pellegrino,Drinks,Water,Sparkling Water,other,No reliable aisle rule matched,review
332690,055000210560,San Pellegrino Sparkling Beverage Light Pomegranate & Orange 6 x 330 ml (cans),San Pellegrino,Drinks,Water,Sparkling Water,other,No reliable aisle rule matched,review
840926,627987473704,Sperri Plant Based Meal Replacement Vanilla Maple 330 ml,Sperri,Drinks,Sports & Energy Drinks,Local,other,No reliable aisle rule matched,review
266513,067000109867,Sprite Mini Soft Drink Lemon & Lime 6 x 222 ml (cans),Sprite,Drinks,Soft Drinks,Other Soft Drinks,9,"Snack, candy or soft drink",medium
958031,055742568349,Best Buy Frozen Spring Rolls Chicken 600 g,Best Buy,Everyday Value,Frozen,Frozen Appetizers,other,No reliable aisle rule matched,review
229087,055742501933,Compliments Aluminum Foil 12 Inch x 25 Feet,Compliments,Everyday Value,Kitchen & Household,Food Wraps & Containers,7,Household paper and food storage,high
947608,068820133674,Compliments Deli Sliced Meat Herb Turkey Breast 175 g,Compliments,Everyday Value,Cheese & Deli,Deli Meats,other,No reliable aisle rule matched,review
934707,068820133728,Compliments Extra Lean Roast Turkey Breast Thinly Sliced Meat 175 g,Compliments,Everyday Value,Cheese & Deli,Deli Meats,other,No reliable aisle rule matched,review
934722,068820133698,Compliments Extra Lean Smoked Turkey Breast Thinly Sliced Meat 175 g,Compliments,Everyday Value,Cheese & Deli,Deli Meats,other,No reliable aisle rule matched,review
674614,055742540765,Compliments Filled Pasta Cheese Tortellini 350 g,Compliments,Everyday Value,Ready To Eat,Fresh Pasta & Pasta Sauce,2,"Pasta, Mexican, noodles or aisle-2 frozen specialties",medium
674573,055742541564,Compliments Filled Pasta Ravioli Cheese And Spinach 350 g,Compliments,Everyday Value,Ready To Eat,Fresh Pasta & Pasta Sauce,2,"Pasta, Mexican, noodles or aisle-2 frozen specialties",medium
1295083,055742577600,Compliments Filled Pasta Tri-Colour Cheese Tortellini 350 g,Compliments,Everyday Value,Ready To Eat,Fresh Pasta & Pasta Sauce,2,"Pasta, Mexican, noodles or aisle-2 frozen specialties",medium
934735,068820133544,Compliments Gluten-Free Thinly Sliced Black Forest Ham Extra Lean 175 g,Compliments,Everyday Value,Cheese & Deli,Deli Meats,5,"Breakfast spreads, hot drinks or shelf-stable beverages",medium
16160,055742572643,Compliments Lavender Eucalyptus 250 ml,Compliments,Everyday Value,Personal Care & Beauty,"Soap, Bath & Shower",other,No reliable aisle rule matched,review
674768,055742540604,Compliments Linguine Nests Pasta 350 g,Compliments,Everyday Value,Ready To Eat,Fresh Pasta & Pasta Sauce,2,"Pasta, Mexican, noodles or aisle-2 frozen specialties",medium
674763,055742540475,Compliments Pasta Fettuccine Nests 350 g,Compliments,Everyday Value,Ready To Eat,Fresh Pasta & Pasta Sauce,2,"Pasta, Mexican, noodles or aisle-2 frozen specialties",medium
1295078,055742577563,Compliments Pasta Italian Sausage Tortelloni 350 g,Compliments,Everyday Value,Ready To Eat,Fresh Pasta & Pasta Sauce,2,"Pasta, Mexican, noodles or aisle-2 frozen specialties",medium
674771,055742540468,Compliments Pasta Naturally Simple Angel Hair Nest 350 g,Compliments,Everyday Value,Ready To Eat,Fresh Pasta & Pasta Sauce,2,"Pasta, Mexican, noodles or aisle-2 frozen specialties",medium
674773,055742540499,Compliments Pasta Naturally Simple Lasagna 360 g,Compliments,Everyday Value,Ready To Eat,Fresh Pasta & Pasta Sauce,2,"Pasta, Mexican, noodles or aisle-2 frozen specialties",medium
674548,055742540895,Compliments Pasta Naturally Simple Tortellini Beef 350 g,Compliments,Everyday Value,Ready To Eat,Fresh Pasta & Pasta Sauce,2,"Pasta, Mexican, noodles or aisle-2 frozen specialties",medium
265139,055742516104,Compliments Plastic Wrap 30 m,Compliments,Everyday Value,Kitchen & Household,Food Wraps & Containers,7,Household paper and food storage,high
423878,068820134633,Compliments Potato Gnocchi 350 g,Compliments,Everyday Value,Ready To Eat,Fresh Pasta & Pasta Sauce,2,"Pasta, Mexican, noodles or aisle-2 frozen specialties",medium
477442,068820130871,Compliments Salad Elbow Macaroni 454 g,Compliments,Everyday Value,Fresh Fruits & Vegetables,Packaged Salads & Dressing,produce,"Pasta, Mexican, noodles or aisle-2 frozen specialties",medium
477014,068820130925,Compliments Salad Potato & Egg 454 g,Compliments,Everyday Value,Fresh Fruits & Vegetables,Packaged Salads & Dressing,produce,No reliable aisle rule matched,review
477021,068820130956,Compliments Salad Potato 454 g,Compliments,Everyday Value,Fresh Fruits & Vegetables,Packaged Salads & Dressing,produce,No reliable aisle rule matched,review
242638,068820121688,Compliments Sausages Wieners 12 Pack 450 g,Compliments,Everyday Value,Meat,Hot Dogs & Sausages,other,No reliable aisle rule matched,review
934724,068820133537,Compliments Smoked Honey Ham Extra Lean 175 g,Compliments,Everyday Value,Cheese & Deli,Deli Meats,5,"Breakfast spreads, hot drinks or shelf-stable beverages",medium
666408,063100006204,Maple Leaf Ready Crisp Natural Bacon Bits Fully Cooked 85 g,Maple Leaf,Everyday Value,Meat,Pork,other,No reliable aisle rule matched,review
510542,629025350459,iÖGO Nanö Lactose-Free 1% Drinkable Yogurt Strawberry-Banana 6 x 93 ml,Iögo,Everyday Value,Dairy & Eggs,Yogurt,4,"Ice cream, fruit, yogurt or juice",medium
320059,629025350060,iÖGO nanö 1% Drinkable Yogurt Raspberry 6 x 93 ml,iÖGO nanö,Everyday Value,Dairy & Eggs,Yogurt,4,"Ice cream, fruit, yogurt or juice",medium
320061,629025350046,iÖGO nanö 1% Drinkable Yogurt Strawberry 6 x 93 ml,iÖGO nanö,Everyday Value,Dairy & Eggs,Yogurt,4,"Ice cream, fruit, yogurt or juice",medium
8402,"204515000009,033383046228,803338304624",Anise Fennel 1 Count,,Fresh Fruits & Vegetables,Vegetables,Root Vegetables,produce,Fresh/refrigerated or separate store section,medium
8408,"204080000008,203317000002,060580613229",Asparagus 1 Bunch,,Fresh Fruits & Vegetables,Vegetables,Asparagus,produce,Fresh/refrigerated or separate store section,medium
39622,"204544000001,204989000000",Baby Bok Choy,,Fresh Fruits & Vegetables,Vegetables,Leafy Vegetables,produce,Fresh/refrigerated or separate store section,medium
7630,"042003903605,074904040110,717524111128,204011000008",Bananas 1 Bunch (5 - 6 bananas),,Fresh Fruits & Vegetables,Fruits,Bananas,produce,Fresh/refrigerated or separate store section,medium
5651,"741839044093,204409000009,883391044095",Bartlett Pears 3 Count,,Fresh Fruits & Vegetables,Fruits,Pears,produce,Fresh/refrigerated or separate store section,medium
115208,"854353006031,082104900738,033383211053,820824020004,881006001099,750314513009,813635011248,715756100422,813187012076,712049007215,781718692328,854877007248,629148020062,655272000014,736372435194,857620003078,649558741111,815887010222,850019194210,857620003108,750919812330,852990008593,850925002586,812049007212,853447003543,891700002087,075030092332,856612001054,850002413298,715756502011,812409007104,033383240275,078215002768,065290003032,633528100060,846449000061,605806130946,796631991014,858929004193,082082402002,091700002081,850022543135,750303105062,813618020458,740619000250,755650988535,860007279645,033383240268,815887011564,780353000055,691529083386,665290003560,812794011038,761635202602,857620003382,632045205005,853085003134,066022002699,860002403151,782150099843,606110944007,866081000403,850002413328,852298002316,761635202305,860316002200,782150027648,715756100200,857620003092,850003425009,812049007106,715766100207,071430011089,854013002090,740075001068,812049007304,811334020417,633528100077,717524223036,082412900123,503018074013,780353783989,081363501120,782150099850,033383240008,812092030014,080353783980,850917003034,061635202306,621131203568,812049007205,606110964791,750301951906,204239000002,665290003034,850003027005,033383240282,012049007315,875211002019,875620003072,082045397703,632045206002,750300923300,810856000020,769197101012,054877007242,990312058687,012049007209,085762003070,503009233009,074007500108,861770000030,855472002003,033383445168,812049007311,850019194111,001752422300,628942270222",Blackberries 170 g,,Fresh Fruits & Vegetables,Fruits,Berries,produce,Fresh/refrigerated or separate store section,medium
8343,204545000000,Bok Choy 1 Bunch,,Fresh Fruits & Vegetables,Vegetables,Leafy Vegetables,produce,Fresh/refrigerated or separate store section,medium
32534,"071464100179,078783506101,059006121226,071464019341,198306025381",Bolthouse Farms Shredded Carrots 284 g,Bolthouse Farms,Fresh Fruits & Vegetables,Cut Fruits & Vegetables,Fresh Cut Vegetables,produce,Fresh/refrigerated or separate store section,medium
7481,203082000009,Broccoli Crowns,,Fresh Fruits & Vegetables,Vegetables,Broccoli,produce,Fresh/refrigerated or separate store section,medium
9051,"033383456317,033383462899,033383454382,003338345430,077988050020,068820104209,068820100072,061925850255,061925850248,061925850064,061925850019,187495000118",Canada Potatoes Bag 2.27 kg,,Fresh Fruits & Vegetables,Vegetables,Potatoes,produce,Fresh/refrigerated or separate store section,medium
7898,"480001064681,204094000001,033383702032,033383040943",Carrots 1 Bunch,,Fresh Fruits & Vegetables,Vegetables,Root Vegetables,produce,Fresh/refrigerated or separate store section,medium
7945,204562000007,Carrots Bulk 1 Count,,Fresh Fruits & Vegetables,Vegetables,Root Vegetables,produce,Fresh/refrigerated or separate store section,medium
7950,"796631281016,073574010508,033383700014,072668444458,073574010027,881979000839,691529006897,060556401607,740695699997,027918040799,605561010026,800007219234,033383699998,628534000015,071430841150,073150129419,796631287018,874178000007,648196685047,885460000056,204079000002,628534000152,605806000300,033383700021,885443699994,876657000010,033383700007,738761200017,765321699998,066236457360",Cauliflower 1 Count,,Fresh Fruits & Vegetables,Vegetables,Cauliflower,produce,Fresh/refrigerated or separate store section,medium
104988,"073150121550,012481393168,033383653051,071430047002,033383653242,096631101018,796631101017,411634532582,652953653255,071430049792,204071000000,204070000001,033383653235,033383653228",Celery 1 Bunch,,Fresh Fruits & Vegetables,Vegetables,Celery,produce,Fresh/refrigerated or separate store section,medium
5291,"033383653006,033383653020,035826089564,605806000324,033383653037,691529007207,740695653036,021130287659,772312100098,058575001007,059559500004,033383653013,060556121109,688267043505,738761700197,204575000001,071430900055,796631105107,789707001847,073150122168,041163453241,073574500504,027918045756",Celery Hearts 1 Pack,,Fresh Fruits & Vegetables,Vegetables,Celery,produce,Fresh/refrigerated or separate store section,medium
6711,204761000006,Chayote Squash 1 Count,,Fresh Fruits & Vegetables,Fruits,Tropical & Specialty,produce,Fresh/refrigerated or separate store section,medium
8352,204527000004,Chinese Long Beans 1 Bunch,,Fresh Fruits & Vegetables,Fruits,Tropical & Specialty,produce,Fresh/refrigerated or separate store section,medium
259734,"068820124511,059749933230,058084082146,681131430524,061430520148",Compliments Apples Honey Crisp 1.36 kg,Compliments,Fresh Fruits & Vegetables,Fruits,Apples,produce,"Breakfast spreads, hot drinks or shelf-stable beverages",medium
758243,068820132882,Compliments Creamy Coleslaw 850 g,Compliments,Fresh Fruits & Vegetables,Packaged Salads & Dressing,Ready To Eat,produce,Fresh/refrigerated or separate store section,medium
996838,068820136804,Compliments Deli Salad Potato & Deviled Egg 908 g,Compliments,Fresh Fruits & Vegetables,Packaged Salads & Dressing,Ready To Eat,produce,Fresh/refrigerated or separate store section,medium
995401,"068820136729,691529086332,691529086257,249500000008",Compliments Lemons Bag 907 g,Compliments,Fresh Fruits & Vegetables,Fruits,Lemons,produce,Fresh/refrigerated or separate store section,medium
138957,"068820106234,729062991018,187495000040,046254082515,187495000255,046252067002,066022005584",Compliments Mini Cucumbers Seedless 6 Count,Compliments,Fresh Fruits & Vegetables,Vegetables,Cucumbers,produce,Fresh/refrigerated or separate store section,medium
995408,"068820136736,249511000004,688201367360",Compliments Oranges 1.36 kg,Compliments,Fresh Fruits & Vegetables,Fruits,Citrus Fruits,produce,Fresh/refrigerated or separate store section,medium
263309,"055742502718,557425027186,055742572834",Compliments Organic Baby Greens Mixed 142 g,Compliments Organic,Fresh Fruits & Vegetables,Packaged Salads & Dressing,Fresh Salad Kits & Mixes,produce,Fresh/refrigerated or separate store section,medium
261562,"055742502640,557425026400,055742850505,060556300085,055742572841",Compliments Organic Baby Greens Mixed 312 g,Compliments,Fresh Fruits & Vegetables,Packaged Salads & Dressing,Fresh Salad Kits & Mixes,produce,Fresh/refrigerated or separate store section,medium
261566,"055742502626,557425026264",Compliments Organic Baby Spinach 142 g,Compliments Organic,Fresh Fruits & Vegetables,Packaged Salads & Dressing,Fresh Salad Kits & Mixes,produce,Fresh/refrigerated or separate store section,medium
261568,"055742502633,060556300078",Compliments Organic Baby Spinach 312 g,Compliments Organic,Fresh Fruits & Vegetables,Packaged Salads & Dressing,Fresh Salad Kits & Mixes,produce,Fresh/refrigerated or separate store section,medium
758299,068820132943,Compliments Potato Salad 908 g,Compliments,Fresh Fruits & Vegetables,Packaged Salads & Dressing,Ready To Eat,produce,Fresh/refrigerated or separate store section,medium
758293,068820132929,Compliments Salad Elbow Macaroni 908 g,Compliments,Fresh Fruits & Vegetables,Packaged Salads & Dressing,Ready To Eat,produce,"Pasta, Mexican, noodles or aisle-2 frozen specialties",medium
758497,068820132967,Compliments Salad Potato And Egg 908 g,Compliments,Fresh Fruits & Vegetables,Packaged Salads & Dressing,Ready To Eat,produce,Fresh/refrigerated or separate store section,medium
370341,"068820129486,060556010182",Compliments Spring Salad Mix 312 g,Compliments,Fresh Fruits & Vegetables,Packaged Salads & Dressing,Fresh Salad Kits & Mixes,produce,Fresh/refrigerated or separate store section,medium
7743,"204416000009,741839044161,741839965015,883391044163",D'Anjou Pear 3 Count,,Fresh Fruits & Vegetables,Fruits,Pears,produce,Fresh/refrigerated or separate store section,medium
7535,"095829636585,741839040156,204015000004,883391040158,204167000006",Delicious Apple Red 3 Count,,Fresh Fruits & Vegetables,Fruits,Apples,produce,Fresh/refrigerated or separate store section,medium
1509,069391000266,Derlea Garlic Puree 125 g,Derlea,Fresh Fruits & Vegetables,Vegetables,Garlic,produce,Fresh/refrigerated or separate store section,medium
1508,069391000259,Derlea Minced Garlic 125 g,Derlea,Fresh Fruits & Vegetables,Vegetables,Garlic,produce,Fresh/refrigerated or separate store section,medium
1518,"069391000389,069391100386",Derlea Minced Ginger 120 g,Derlea,Fresh Fruits & Vegetables,Vegetables,Garlic,produce,Fresh/refrigerated or separate store section,medium
7647,"033383210261,853015001308,057836700437,665290002037,715756100620,081134703005,740075001020,629148011060,761635201209,627843460480,065290002035,780353783965,815887010178,028835010001,813187012137,691529071673,715756504015,628687100051,066022005706,811334020318,857620003191,850022543159,852990008555,071430011096,033383210285,628942045165,857620003023,817339002014,082412900031,033383212289,629148010063,066022003665,761635201100,812049004402,671704000407,853447003550,628835010003,820824040002,812049004204,715756100019,081363501304,812049004105,856612001085,812049004419,696713020048,810856000013,761635204200,850067862079,033383210032,812409004417,813635013075,012049004406,761635201605,853085003196,050925002078,621131203551,680796100025,770546590029,691529071697,204054000003,854877007156,033383210001,850003425054,858571004084,632045306009",Driscoll's Raspberries 170 g,Driscoll's,Fresh Fruits & Vegetables,Fruits,Berries,produce,Fresh/refrigerated or separate store section,medium
212912,"890719001012,817824001133,062098810015,033383462967,828110467021,045409125053,045409125084,033384629673,888048000400,081782400134,620988100136,775058180492,088048000404",Dry Shallots 350 g,,Fresh Fruits & Vegetables,Vegetables,Onions & Shallots,produce,Fresh/refrigerated or separate store section,medium
7992,"204880000000,204081000007",Eggplant 1 Count,,Fresh Fruits & Vegetables,Vegetables,Eggplant,produce,Fresh/refrigerated or separate store section,medium
429517,787359100246,Fresh Gourmet Croutons Parmesan Caesar 142 g,Fresh Gourmet,Fresh Fruits & Vegetables,Packaged Salads & Dressing,Croutons & Toppings,produce,Fresh/refrigerated or separate store section,medium
7730,"627429010009,333834502304,625195006127,800293101305,819377000014,074574850019,003338345027,000293101316,062742901007,853248001212,894242000610,679295000493,628011004000,016060889912,013080100607,990312084242,800293101503,890265103352,625195100122,819377001028,772365000154,203052000008",Garlic,,Fresh Fruits & Vegetables,Vegetables,Garlic,produce,Fresh/refrigerated or separate store section,medium
8440,204612000001,Ginger Root,,Fresh Fruits & Vegetables,Vegetables,Garlic,produce,Fresh/refrigerated or separate store section,medium
457213,"204020000006,204137000005,203285000004,095829637322",Golden Delicious Apple Large 3 Count,,Fresh Fruits & Vegetables,Fruits,Apples,produce,Fresh/refrigerated or separate store section,medium
17385,"717524811028,074904060118,717524811080,643126972099,503721180063,832143001084,204432000007,832143001008,891707002110,883616000011,614200149522,441148700047,686201000027,643126072065,095829110016,819717010062,070740481124,204433000006,095829500787,074904060040,821783811023,749040600268,204430000009,729062151450,691529054331,819717010086,095829816123,441620002010,832143007000,749040600190,799341044308,717524700209,819717010055,643126072089,070740481117,095829816161,799341000069,891707002004,799341000052,066236202595,843210000213,643126072058,064312607203,686201000010,843126072007,890493002021,794969963512,095829500794,038537600011,074904060026,037877000017,834690000206,833614001077,643126072003,074904060033,833614001046,843210000220,837877000013,834694000028,877629001875,095829500497,832143007086,828383000048,643126072072,094922778581,843210000206,856500002590,074904060019",Golden Pineapple 1 Count,,Fresh Fruits & Vegetables,Fruits,Tropical & Specialty,produce,Fresh/refrigerated or separate store section,medium
401726,628451714514,GoodLeaf Hero Greens Sweet Pea Shoots 50 g,GoodLeaf,Fresh Fruits & Vegetables,Packaged Salads & Dressing,Fresh Salad Kits & Mixes,produce,Fresh/refrigerated or separate store section,medium
38030,"628308081004,628308083008",GoodLeaf Salad Mix Sweet & Spicy 113 g,GoodLeaf,Fresh Fruits & Vegetables,Packaged Salads & Dressing,Fresh Salad Kits & Mixes,produce,Fresh/refrigerated or separate store section,medium
7838,"095829629488,203071000003,204138000004,204017000002,883391040172",Granny Smith Apple Large 3 Count,,Fresh Fruits & Vegetables,Fruits,Apples,produce,Fresh/refrigerated or separate store section,medium
8046,"090298041427,204068000006,033383605005,333836050056",Green Onions 1 Count,,Fresh Fruits & Vegetables,Vegetables,Onions & Shallots,produce,Fresh/refrigerated or separate store section,medium
155489,"027743600229,859207003440,750301203753,033383401584,629083106029,627987334944,814566064068,070740414481,750046534112,814566064075,627987454963,500464534115,750032650123,033383101590,333834015088,007074044480,033383401454,033383467115,033833401454,033833401508,055117002089,810228560039,008044000000,859207003402,628068880022,701080310620,845857000717,400050680274,701080310163,289140000006,852761008296,850035837023,333834015910,333834015842,070740021146,804264006392,761010841754,066022009063,717524401380,804264005012,010228560033,066020023139,809145101012,884318000378,094922497604,094922497611,619422001535,881006050028,694422001532,088431800031,850758006072,503012037120,627743000229,088100605004,074928900070,085920700315,852324007186,859207003167,856893002245,856893002665,793573778697,801994001307,864446000402,701010701450,761010701454,055117002096,061010701455,850758006409,033383401508,856893002269,033383401522,033383401591,003383401525,701080310101,701080310125,701080310170,070108310172,761010401545",Hass Avocados 5 Count (Ripe in 3-5 days),,Fresh Fruits & Vegetables,Fruits,Avocados,produce,Fresh/refrigerated or separate store section,medium
130489,"685510000100,625195001139,890265103789,066236202380,893172587383,804264000949,204150000006,202653000004,890265103130,804264031295,801994002489,893531322433,819377008287,894242000689,089424000681,865965379581,204279000000,201760098881,625195001238,970519768985,800293500016,679295001261,019377003569,819377003565,800293501105",Honey Pomelo 1 Count,,Fresh Fruits & Vegetables,Fruits,Tropical & Specialty,produce,"Breakfast spreads, hot drinks or shelf-stable beverages",medium
136518,204711000001,Hot Scotch Bonnet Pepper 4 Count,,Fresh Fruits & Vegetables,Vegetables,Hot Peppers,produce,Fresh/refrigerated or separate store section,medium
145596,204769000008,Kabocha Squash 1 Count,,Fresh Fruits & Vegetables,Vegetables,Squash,produce,Fresh/refrigerated or separate store section,medium
8451,"033383652207,664781403001,012842009004,068567125550,204617000006,204627000003,033383652238",Kale Greens 1 Bunch,,Fresh Fruits & Vegetables,Vegetables,Leafy Vegetables,produce,Fresh/refrigerated or separate store section,medium
111835,"033383401164,818849020031,819072010400,898249002677,661509001945,066022003924,061968691617,061968444480,818849020024,033383401003,066022003115,066022003573,066022000268,898249002349,056719002361,858410005050,722683240299",Kiwi Fruit Green 454 g,,Fresh Fruits & Vegetables,Fruits,Tropical & Specialty,produce,Fresh/refrigerated or separate store section,medium
8455,204030000003,Kiwi Large 1 Count,,Fresh Fruits & Vegetables,Fruits,Tropical & Specialty,produce,Fresh/refrigerated or separate store section,medium
7685,"204053000004,066236202274,691529066563,801994200540,605049040538",Lemon Large 1 Count,,Fresh Fruits & Vegetables,Fruits,Lemons,produce,Fresh/refrigerated or separate store section,medium
674671,"741839005964,883391004518,099482504984",Lil Snapper Organic Apples Gala 1.36 kg,Lil Snapper,Fresh Fruits & Vegetables,Fruits,Apples,produce,Fresh/refrigerated or separate store section,medium
7687,"605049040484,204048000002",Lime 1 Count,,Fresh Fruits & Vegetables,Fruits,Lemons,produce,Fresh/refrigerated or separate store section,medium
729701,077661043134,Litehouse Dressing & Dip Chunky Garlic Caesar 384 ml,Litehouse,Fresh Fruits & Vegetables,Packaged Salads & Dressing,Fresh Salad Dressing,produce,Fresh/refrigerated or separate store section,medium
729702,077661115961,Litehouse Dressing & Dip Feta Dill 384 ml,Litehouse,Fresh Fruits & Vegetables,Packaged Salads & Dressing,Fresh Salad Dressing,produce,Fresh/refrigerated or separate store section,medium
44972,"077661014134,077661124758",Litehouse Dressing Coleslaw 384 ml,Litehouse,Fresh Fruits & Vegetables,Packaged Salads & Dressing,Fresh Salad Dressing,produce,Fresh/refrigerated or separate store section,medium
729703,077661115985,Litehouse Dressing Homestyle Ranch 384 ml,Litehouse,Fresh Fruits & Vegetables,Packaged Salads & Dressing,Fresh Salad Dressing,produce,Fresh/refrigerated or separate store section,medium
235715,077661125120,Litehouse Dressing Homestyle Ranch 591 ml,Litehouse,Fresh Fruits & Vegetables,Packaged Salads & Dressing,Fresh Salad Dressing,produce,Fresh/refrigerated or separate store section,medium
640752,"068820132103,629235001226,827101000254,685750005538,826575000418,696713202413,699058801488,696713202420,856122001711,057836021174,689259003880,664789225346,099058801486,674526580096,750302900057,674526210467,628942137761,850001930123,029235001224,684924010798,679508071111,057836021372,633828122229,606105112671",Medley Tomatoes Club Pack 680 g,Compliments,Fresh Fruits & Vegetables,Vegetables,Tomatoes,produce,Fresh/refrigerated or separate store section,medium
176548,"204909000004,664781105004,208608000006,068567128551",Methi 1 Bunch,,Fresh Fruits & Vegetables,Herbs,Vegetables,produce,Fresh/refrigerated or separate store section,medium
8358,204552000000,Napa Cabbage 1 Count,,Fresh Fruits & Vegetables,Vegetables,Leafy Vegetables,produce,Fresh/refrigerated or separate store section,medium
196281,"033383602929,856725001231,033383602721,628341561501,628341561136,850830002244,050269602828,810034122032,026303901523,810034122025,056725001235,033383602820,002630360295,026303101527,033383451039,033383602592,809145101470,066478502255,851339002049,096052602927,026303701529,887051000025,885677911107,664781502254,735718000096,664781503251,009145101474,056719000640,081003412205,033383602028",Onions Sweet 1.36 kg,,Fresh Fruits & Vegetables,Vegetables,Onions & Shallots,produce,Fresh/refrigerated or separate store section,medium
130444,"203334000009,204816000005",Orange Flesh Yams Sweet Potato,,Fresh Fruits & Vegetables,Vegetables,Potatoes,produce,Fresh/refrigerated or separate store section,medium
112284,"033383902029,628942413285,055742502688,784672198448,841352000153,851865001011,725439952620,008985414614,672808600326,011110916570,032601042004,079893409023,172910081889,665544902021,627987606096,804264002202,628242170048,089854146140,711535501916",Organic Carrots 908 g,,Fresh Fruits & Vegetables,Vegetables,Root Vegetables,produce,Fresh/refrigerated or separate store section,medium
588828,"661509001747,294046000005,066236202434",Organic Hass Avocado 1 Count,,Fresh Fruits & Vegetables,Fruits,Avocados,produce,Fresh/refrigerated or separate store section,medium
623301,"005906100236,204818000003",Oriental Sweet Potato,,Fresh Fruits & Vegetables,Vegetables,Potatoes,produce,Fresh/refrigerated or separate store section,medium
142999,"033383462943,847093001107,033383530505,033383568508,627843579854,882645008050,775058102029,605806001352,627987404661,775058102340,033383452777,798638671838,070092568504,033383536507,033383556505,842281099942,770092568503,058200940350,770092800047,775058102036,065543330106,033383462912,033383355658,775058104092",Potatoes Russet 4.54 kg,New Brunswick,Fresh Fruits & Vegetables,Vegetables,Potatoes,produce,Fresh/refrigerated or separate store section,medium
211495,"233489000005,204565000004",Purple/Red Carrots,,Fresh Fruits & Vegetables,Vegetables,Root Vegetables,produce,Fresh/refrigerated or separate store section,medium
8093,"033383670027,085000000243,814905010541,069303112162,060556510026,853965005210,691529025690,059172000301,775058180577,085146141008,850000002401,072404400021",Radish Red 454 g,,Fresh Fruits & Vegetables,Vegetables,Potatoes,produce,Fresh/refrigerated or separate store section,medium
8554,"033383801117,072668801114,204547000008",Rapini 1 Bunch,,Fresh Fruits & Vegetables,Vegetables,Leafy Vegetables,produce,Fresh/refrigerated or separate store section,medium
7280,"203054000006,204088000000",Red Bell Peppers 1 Count,,Fresh Fruits & Vegetables,Vegetables,Bell Peppers,produce,Fresh/refrigerated or separate store section,medium
74235,"204016000003,095829627842,204168000005,203284000005,095829636462,883391040165",Red Delicious Apples Large 3 Count,,Fresh Fruits & Vegetables,Fruits,Apples,produce,Fresh/refrigerated or separate store section,medium
8463,"033383651514,204075000006",Red Leaf Lettuce 1 Count,,Fresh Fruits & Vegetables,Vegetables,Leafy Vegetables,produce,Fresh/refrigerated or separate store section,medium
8038,"204082000006,203286000003",Red Onion 1 Count,,Fresh Fruits & Vegetables,Vegetables,Onions & Shallots,produce,Fresh/refrigerated or separate store section,medium
9788,204073000008,Red Potatoes 1 Count,Red Potatoes,Fresh Fruits & Vegetables,Vegetables,Potatoes,produce,Fresh/refrigerated or separate store section,medium
1062,"033383510507,033383510538,688201358696,058200940275,003338345560,480001050646,070092800093,728028243864,770092800030,770092800092,688286000046,627843579830,033383462929,775058105105,070092800031,852883004107,480001084108,033383455617",Red Potatoes 4.54 kg,,Fresh Fruits & Vegetables,Vegetables,Potatoes,produce,Fresh/refrigerated or separate store section,medium
8091,"204089000009,827101000223,083204404003,033383670034",Red Radish 1 Bunch,,Fresh Fruits & Vegetables,Vegetables,Root Vegetables,produce,Fresh/refrigerated or separate store section,medium
144769,"204664000004,204805000009,027044000025,699058046643,057836046641",Red Tomatoes On The Vine 2 Count,,Fresh Fruits & Vegetables,Vegetables,Tomatoes,produce,Fresh/refrigerated or separate store section,medium
8001,"204608000008,204610000003",Regular Garlic 1 Count,,Fresh Fruits & Vegetables,Vegetables,Garlic,produce,Fresh/refrigerated or separate store section,medium
700126,062287112050,Renee's Dressing And Dip Cucumber Dill 355 ml,Renees,Fresh Fruits & Vegetables,Packaged Salads & Dressing,Fresh Salad Dressing,produce,Fresh/refrigerated or separate store section,medium
129896,"767776701073,033383300528,078185440270,887434300520,627843425205,741839504535,033383465241,841190108837,829570300521,883391003641,741839007142,033383005287,741839500032,818544022774,691529076203,691529082457,888289402551,829570305243",Rivermaid Bartlett Pears 1.36 kg,,Fresh Fruits & Vegetables,Fruits,Pears,produce,Fresh/refrigerated or separate store section,medium
457198,"204174000006,095829629495,883391041353,204135000007,204134000008",Royal Gala Apple 3 Count,,Fresh Fruits & Vegetables,Fruits,Apples,produce,Fresh/refrigerated or separate store section,medium
7933,204555000007,Savoy Cabbage 1 Count,,Fresh Fruits & Vegetables,Vegetables,Leafy Vegetables,produce,Fresh/refrigerated or separate store section,medium
8101,204662000006,Shallots Onions,,Fresh Fruits & Vegetables,Vegetables,Onions & Shallots,produce,Fresh/refrigerated or separate store section,medium
36309,204714000008,Sheppard Red Peppers,,Fresh Fruits & Vegetables,Vegetables,Hot Peppers,produce,Fresh/refrigerated or separate store section,medium
8566,"204776000008,204775000009",Spaghetti Squash 1 Count,,Fresh Fruits & Vegetables,Vegetables,Squash,produce,"Pasta, Mexican, noodles or aisle-2 frozen specialties",medium
8039,204093000002,Spanish Onions Large 1 Count,,Fresh Fruits & Vegetables,Vegetables,Onions & Shallots,produce,Fresh/refrigerated or separate store section,medium
729486,773200707443,Summer Fresh Pasta Salad Greek Feta 300 g,Summer Fresh,Fresh Fruits & Vegetables,Packaged Salads & Dressing,Ready To Eat,produce,"Pasta, Mexican, noodles or aisle-2 frozen specialties",medium
138556,773200707481,Summer Fresh Salad Greek Pasta Feta 800 g,Summer Fresh,Fresh Fruits & Vegetables,Packaged Salads & Dressing,Ready To Eat,produce,"Pasta, Mexican, noodles or aisle-2 frozen specialties",medium
212035,773200711686,Summer Fresh Salad Italiano Pasta 800 g,Summer Fresh,Fresh Fruits & Vegetables,Packaged Salads & Dressing,Ready To Eat,produce,"Pasta, Mexican, noodles or aisle-2 frozen specialties",medium
212037,773200710177,Summer Fresh Salad Summer Rotini 800 g,Summer Fresh,Fresh Fruits & Vegetables,Packaged Salads & Dressing,Ready To Eat,produce,Fresh/refrigerated or separate store section,medium
279439,773200713543,Summer Fresh Salad Tuscan Chickpea 800 g,Summer Fresh,Fresh Fruits & Vegetables,Packaged Salads & Dressing,Ready To Eat,produce,International foods and rice,medium
8662,"208767000008,204688000004,699058046889,057836046887",Sweet Bell Pepper Red 2 Count,,Fresh Fruits & Vegetables,Vegetables,Bell Peppers,produce,Fresh/refrigerated or separate store section,medium
660955,"629307040214,629307040245",The Little Potato Company Fresh Potatoes Little Reds 1.36 kg,The Little Potato Company,Fresh Fruits & Vegetables,Vegetables,Potatoes,produce,Fresh/refrigerated or separate store section,medium
398360,"629307121913,629307121944",The Little Potato Company Fresh Potatoes Little Reds 680 g,The Little Potato Company,Fresh Fruits & Vegetables,Vegetables,Potatoes,produce,Fresh/refrigerated or separate store section,medium
660952,"629307042010,629307042041",The Little Potato Company Fresh Potatoes Little Trios 1.36 kg,The Little Potato Company,Fresh Fruits & Vegetables,Vegetables,Potatoes,produce,Fresh/refrigerated or separate store section,medium
398410,"629307122019,629307122040",The Little Potato Company Fresh Potatoes Little Trios 680 g,The Little Potato Company,Fresh Fruits & Vegetables,Vegetables,Potatoes,produce,Fresh/refrigerated or separate store section,medium
660532,629307040115,The Little Potato Company Fresh Potatoes Little Yellows 1.36 kg,The Little Potato Company,Fresh Fruits & Vegetables,Vegetables,Potatoes,produce,Fresh/refrigerated or separate store section,medium
137015,203060000007,Vegetable Marrow Squash 1 Count,,Fresh Fruits & Vegetables,Vegetables,Squash,produce,Fresh/refrigerated or separate store section,medium
5762,"204032000001,811289021187,861435000436,691529068994,850506002325,691529028882,691529048422,801994301704,851059002008,664781707505,850510002014,066236200928,862751000001,033383402406",Watermelon Seedless 1 Count,,Fresh Fruits & Vegetables,Fruits,Watermelons,produce,Fresh/refrigerated or separate store section,medium
8042,"204663000005,208763000002,203310000009",White Onion 1 Count,,Fresh Fruits & Vegetables,Vegetables,Onions & Shallots,produce,Fresh/refrigerated or separate store section,medium
131356,204083000005,White Potatoes 1 Count,,Fresh Fruits & Vegetables,Vegetables,Potatoes,produce,Fresh/refrigerated or separate store section,medium
113251,"033383600031,203412000006,812396017162,627744001058,885677713107,623347080056,040696013052,033383600055,896942000051,779880120527,067523011050,063717061054,627888000030,061925002562,059749900157,204668000000",Yellow Onions 2.27 kg,,Fresh Fruits & Vegetables,Vegetables,Onions & Shallots,produce,Fresh/refrigerated or separate store section,medium
408915,055742552249,Best Buy Frozen Peas and Carrots 2 kg,Best Buy,Frozen,Frozen Fruits & Vegetables,Frozen Vegetables,3,"Frozen meals, pizza, sides or vegetables",medium
408966,055742552492,Best Buy Frozen Vegetables Mixed 750 g,Best Buy,Frozen,Frozen Fruits & Vegetables,Frozen Vegetable Mixes,3,"Frozen meals, pizza, sides or vegetables",medium
407944,055742552539,Best Buy Frozen Vegetables Peas And Carrots 750 g,Best Buy,Frozen,Frozen Fruits & Vegetables,Frozen Vegetables,other,Frozen product needs aisle 2/3/4 verification,review
1006375,057000013035,CRAVE Frozen Fried Rice Jerk Chicken 300 g,Crave,Frozen,"Frozen Meals, Entrees & Sides",Frozen Pasta Dinners,3,"CRAVE products are in Aisle 3 (Dinner/Entrées), confirmed store rule",high
653113,696685100014,Carbonaut Plant Based Frozen White Bread 544 g,Carbonaut,Frozen,Frozen Bread & Breakfast,Frozen Bread & Buns,bakery,"Brentwood bakery: breads, buns, rolls, tortillas, pita and roti",high
653114,696685100021,Carbonaut Plant Based Seeded Bread Multigrain 544 g (frozen),Carbonaut,Frozen,Frozen Bread & Breakfast,Frozen Bread & Buns,bakery,"Brentwood bakery: breads, buns, rolls, tortillas, pita and roti",high
358894,061763060335,Catch Of The Day Frozen Tilapia Filets 750 g,Catch Of The Day,Frozen,Frozen Meat & Seafood,Frozen Fish,2,"Pasta, Mexican, noodles or aisle-2 frozen specialties",medium
313649,061763061141,Catch of the Day Frozen Pink Salmon Fillets 680 g,Catch Of The Day,Frozen,Frozen Meat & Seafood,Frozen Fish,2,"Pasta, Mexican, noodles or aisle-2 frozen specialties",medium
756991,062942002771,Chapman's Frozen Yogurt Three Of A Kind Vanilla 2 L,Chapman's,Frozen,Ice Cream & Treats,"Frozen Yogurt, Gelato & Sorbet",4,"Ice cream, fruit, yogurt or juice",medium
510709,062942001552,Chapman's Gluten-Free Ice Cream Original French Vanilla 2 L,Chapman's,Frozen,Ice Cream & Treats,Ice Cream Tubs,4,"Ice cream, fruit, yogurt or juice",medium
677678,062942002801,"Chapman's Ice Cream Ball Top Cones Yukon Vanilla, Almonds & Milk Chocolate 5 x 140 ml",Chapman's,Frozen,Ice Cream & Treats,Ice Cream Bars & Treats,4,"Ice cream, fruit, yogurt or juice",medium
677576,062942002917,Chapman's Ice Cream Bars Yukon French Vanilla And Almonds 6 x 90 ml,Chapman's,Frozen,Ice Cream & Treats,Ice Cream Bars & Treats,4,"Ice cream, fruit, yogurt or juice",medium
886524,062942000340,Chapman's Ice Cream Heavenly Hash 2 L,Chapman's,Frozen,Ice Cream & Treats,Ice Cream Tubs,4,"Ice cream, fruit, yogurt or juice",medium
35029,062942000357,Chapman's Premium Ice Cream Maple Walnut 2 L,Chapman's,Frozen,Ice Cream & Treats,Ice Cream Tubs,4,"Ice cream, fruit, yogurt or juice",medium
47680,062942002870,Chapman's Yukon Ice Cream Cone Coffee Double Dip With Milk Chocolate 5 x 140 ml,Chapman's,Frozen,Ice Cream & Treats,Ice Cream Bars & Treats,4,"Ice cream, fruit, yogurt or juice",medium
3309,055742572285,Compliments Birthday Cake Ice Cream 1.5 L,Compliments,Frozen,Ice Cream & Treats,Ice Cream Tubs,4,"Ice cream, fruit, yogurt or juice",medium
375305,055742531213,Compliments Chicken General Tao Frozen Entree 255 g,Compliments,Frozen,"Frozen Meals, Entrees & Sides",Frozen Dinners,3,"Frozen meals, pizza, sides or vegetables",medium
8971,055742572957,Compliments Frozen Battered Chicken General Tao 400 g,Compliments,Frozen,"Frozen Meals, Entrees & Sides",Frozen Dinners,3,Prepared frozen dinner/entrée similar to CRAVE (verified category and product name),high
329658,055742527148,Compliments Frozen Beef Lasagna 1 kg,Compliments,Frozen,"Frozen Meals, Entrees & Sides",Frozen Pasta Dinners,3,Prepared frozen dinner/entrée similar to CRAVE (verified category and product name),high
329657,055742527513,Compliments Frozen Beef Lasagna Value Size 2.27 kg,Compliments,Frozen,"Frozen Meals, Entrees & Sides",Frozen Pasta Dinners,3,Prepared frozen dinner/entrée similar to CRAVE (verified category and product name),high
399174,055742533408,Compliments Frozen Blueberries 600 g,Compliments,Frozen,Frozen Fruits & Vegetables,Frozen Fruits,other,Frozen product needs aisle 2/3/4 verification,review
503609,055742558821,Compliments Frozen Breaded Chicken Burger Fully Cooked 1.47 kg,Compliments,Frozen,Frozen Meat & Seafood,Frozen Chicken Nuggets & Strips,other,Frozen product needs aisle 2/3/4 verification,review
656876,055742555905,Compliments Frozen Breaded Spicy Chicken Wings 800 g,Compliments,Frozen,Frozen Meat & Seafood,Frozen Chicken Wings & Drumsticks,other,Frozen product needs aisle 2/3/4 verification,review
326594,055742527322,Compliments Frozen Broccoli Florets 500 g,Compliments,Frozen,Frozen Fruits & Vegetables,Frozen Vegetables,3,"Frozen meals, pizza, sides or vegetables",medium
363170,055742530520,Compliments Frozen Cheese Sticks Cheddar Bacon 325 g,Compliments,Frozen,Frozen Appetizers,,other,Frozen product needs aisle 2/3/4 verification,review
476978,055742557374,Compliments Frozen Chicken Balls With Sweet & Sour Sauce 700 g,Compliments,Frozen,Frozen Meat & Seafood,Frozen Chicken Nuggets & Strips,other,Frozen product needs aisle 2/3/4 verification,review
421966,055742551716,Compliments Frozen Chicken Strips Fully Cooked 1.5 kg,Compliments,Frozen,Frozen Meat & Seafood,Frozen Chicken Nuggets & Strips,other,Frozen product needs aisle 2/3/4 verification,review
522222,055742555936,Compliments Frozen Chicken Wings Buffalo Style 800 g,Compliments,Frozen,Frozen Meat & Seafood,Frozen Chicken Wings & Drumsticks,other,Frozen product needs aisle 2/3/4 verification,review
522224,055742555943,Compliments Frozen Chicken Wings Smoky BBQ 800 g,Compliments,Frozen,Frozen Meat & Seafood,Frozen Chicken Wings & Drumsticks,other,Frozen product needs aisle 2/3/4 verification,review
224085,055742501452,Compliments Frozen Chopped Spinach 500 g,Compliments,Frozen,Frozen Fruits & Vegetables,Frozen Vegetables,other,Frozen product needs aisle 2/3/4 verification,review
920804,055742567892,Compliments Frozen Entrée Chicken Korma 280 g,Compliments,Frozen,"Frozen Meals, Entrees & Sides",Frozen Dinners,3,"Frozen meals, pizza, sides or vegetables",medium
6207,055742573244,Compliments Frozen Haddock Fillets Battered 575 g,Compliments,Frozen,Frozen Meat & Seafood,Frozen Fish,2,"Pasta, Mexican, noodles or aisle-2 frozen specialties",medium
43805,055742365771,Compliments Frozen Jumbleberry Fruit Blend 600 g,Compliments,Frozen,Frozen Fruits & Vegetables,Frozen Fruit Mixes,4,"Ice cream, fruit, yogurt or juice",medium
33910,055742574869,Compliments Frozen Lasagna Beef 300 g,Compliments,Frozen,"Frozen Meals, Entrees & Sides",Frozen Pasta Dinners,3,"Frozen meals, pizza, sides or vegetables",medium
329656,055742527520,Compliments Frozen Lasagna Vegetable 1 kg,Compliments,Frozen,"Frozen Meals, Entrees & Sides",Frozen Pasta Dinners,3,"Frozen meals, pizza, sides or vegetables",medium
749930,055742544244,Compliments Frozen Loins Pacific Pink Wild Salmon 227 g,Compliments,Frozen,Frozen Meat & Seafood,Frozen Fish,2,"Pasta, Mexican, noodles or aisle-2 frozen specialties",medium
149318,055742576177,Compliments Frozen Mini Pizza Three Cheese 736 g,Compliments,Frozen,Frozen Pizza,,3,"Frozen meals, pizza, sides or vegetables",medium
229489,055742500516,Compliments Frozen Waffles Cinnamon Toast 8 Pack 280 g,Compliments,Frozen,Frozen Bread & Breakfast,"Frozen Waffles, Pancakes & Egg Bakes",other,Frozen product needs aisle 2/3/4 verification,review
229490,055742500547,Compliments Frozen Waffles Original 8 Pack 280 g,Compliments,Frozen,Frozen Bread & Breakfast,"Frozen Waffles, Pancakes & Egg Bakes",other,Frozen product needs aisle 2/3/4 verification,review
3310,055742572278,Compliments Ice Cream Unicorn Twirl 1.5 L,Compliments,Frozen,Ice Cream & Treats,Ice Cream Tubs,4,"Ice cream, fruit, yogurt or juice",medium
163910,055742377781,Compliments Potato and Cheddar Perogies 2 kg (frozen),Compliments,Frozen,"Frozen Meals, Entrees & Sides",Frozen Perogies & Dumplings,3,"Frozen meals, pizza, sides or vegetables",medium
519786,057000000837,Crave Frozen Breakfast Bacon & Egg Scramble With Cheddar Cheese 200 g,CRAVE,Frozen,"Frozen Meals, Entrees & Sides",Frozen Pasta Dinners,3,"CRAVE products are in Aisle 3 (Dinner/Entrées), confirmed store rule",high
1407798,057000013509,Crave Frozen Cheesy Chicken Alfredo Macaroni & Cheese 320 g,Crave,Frozen,"Frozen Meals, Entrees & Sides",Frozen Pasta Dinners,3,"CRAVE products are in Aisle 3 (Dinner/Entrées), confirmed store rule",high
508871,057000010799,Crave Frozen Macaroni & Cheese Buffalo Chicken 300 g,CRAVE,Frozen,"Frozen Meals, Entrees & Sides",Frozen Pasta Dinners,3,"CRAVE products are in Aisle 3 (Dinner/Entrées), confirmed store rule",high
1006377,057000013073,Crave Frozen Meal Beef Bulgogi Bolognese 312 g,CRAVE,Frozen,"Frozen Meals, Entrees & Sides",Frozen Pasta Dinners,3,"CRAVE products are in Aisle 3 (Dinner/Entrées), confirmed store rule",high
565075,057000011062,Crave Frozen Meal Loaded Cheesy Potatoes With Bacon & Angus Beef 284 g,CRAVE,Frozen,"Frozen Meals, Entrees & Sides",Frozen Pasta Dinners,3,"CRAVE products are in Aisle 3 (Dinner/Entrées), confirmed store rule",high
756328,057000000776,Crave Frozen Meal White Cheddar Macaroni & Cheese With Bacon 300 g,CRAVE,Frozen,"Frozen Meals, Entrees & Sides",Frozen Pasta Dinners,3,"CRAVE products are in Aisle 3 (Dinner/Entrées), confirmed store rule",high
1006376,057000013042,Crave Frozen Spicy Szechuan Style Fried Chicken On Rice 300 g,CRAVE,Frozen,"Frozen Meals, Entrees & Sides",Frozen Pasta Dinners,3,"CRAVE products are in Aisle 3 (Dinner/Entrées), confirmed store rule",high
1006379,057000013080,Crave Frozen Spicy Thai Chicken Panang Curry 312 g,CRAVE,Frozen,"Frozen Meals, Entrees & Sides",Frozen Pasta Dinners,3,"CRAVE products are in Aisle 3 (Dinner/Entrées), confirmed store rule",high
1407797,057000013011,Crave Frozen Stuffed Ravoil Butter Chicken 300 g,Kraft Heinz,Frozen,"Frozen Meals, Entrees & Sides",Frozen Pasta Dinners,3,"CRAVE products are in Aisle 3 (Dinner/Entrées), confirmed store rule",high
659326,058336851124,Dr. Oetker Giuseppe Frozen Easy Pizzi Pizza Pepperoni 573 g,Dr. Oetker,Frozen,Frozen Pizza,,3,"Frozen meals, pizza, sides or vegetables",medium
1377203,058336690075,Dr. Oetker Ristorante Frozen Thin Crust Pizza Pickled Chili Peppers Spicy Tomato 362 g,Dr Oetker,Frozen,Frozen Pizza,,3,"Frozen meals, pizza, sides or vegetables",medium
610712,627985000117,Eight Treasures Frozen Whole Uncooked Pompano 800 g,Eight Treasures,Frozen,Frozen Meat & Seafood,Frozen Fish,2,"Pasta, Mexican, noodles or aisle-2 frozen specialties",medium
433995,627985000063,Eight Treasures Frozen Whole Uncooked Tilapia 1.36 kg,Eight Treasures,Frozen,Frozen Meat & Seafood,Frozen Fish,2,"Pasta, Mexican, noodles or aisle-2 frozen specialties",medium
1308570,055270974025,Grace Mild Beef Patties 600 g,,Frozen,Frozen Appetizers,Meat,other,Frozen product needs aisle 2/3/4 verification,review
143456,190569141730,Green Giant Cut Broccoli Valley Selections 500 g (frozen),Green Giant,Frozen,Frozen Fruits & Vegetables,Frozen Vegetables,other,Frozen product needs aisle 2/3/4 verification,review
190533,190569423225,Green Giant Frozen Cut Green Beans 750 g,Green Giant,Frozen,Frozen Fruits & Vegetables,Frozen Vegetables,other,Frozen product needs aisle 2/3/4 verification,review
143455,190569141686,Green Giant Frozen Vegetable Mixes Valley Selections Bean & Carrots 500 g,Green Giant,Frozen,Frozen Fruits & Vegetables,Frozen Vegetables,3,"Frozen meals, pizza, sides or vegetables",medium
143458,190569141716,Green Giant Valley Selections California Mix 500 g (frozen),Green Giant,Frozen,Frozen Fruits & Vegetables,Frozen Vegetable Mixes,3,"Frozen meals, pizza, sides or vegetables",medium
317520,190569430926,Green Giant Valley Selections Frozen Vegetables Seasoned Asian Blend 400 g,Green Giant,Frozen,Frozen Fruits & Vegetables,Frozen Vegetable Mixes,3,"Frozen meals, pizza, sides or vegetables",medium
143461,190569141723,Green Giant Valley Selections Pasta Cheddar 500 g (frozen),Green Giant,Frozen,"Frozen Meals, Entrees & Sides",Frozen Pasta Dinners,3,Prepared frozen dinner/entrée similar to CRAVE (verified category and product name),high
3212,055000205801,Haagen-Dazs Extraaz Ice Cream Strawberry Cheesecake 450 ml,Haagen-Dazs,Frozen,Ice Cream & Treats,Ice Cream Tubs,4,"Ice cream, fruit, yogurt or juice",medium
3210,055000205726,Haagen-Dazs Ice Cream Pineapple Coconut 450 ml,Haagen-Dazs,Frozen,Ice Cream & Treats,Ice Cream Tubs,4,"Ice cream, fruit, yogurt or juice",medium
3205,055000205702,Haagen-Dazs Ice Cream White Chocolate Raspberry Truffle 450 ml,Haagen-Dazs,Frozen,Ice Cream & Treats,Ice Cream Tubs,4,"Ice cream, fruit, yogurt or juice",medium
218990,072655404533,Healthy Choice Frozen Entrée Gourmet Steamers Grilled Chicken Marinara 283 g,Healthy Choice,Frozen,"Frozen Meals, Entrees & Sides",Frozen Pasta Dinners,3,"Frozen meals, pizza, sides or vegetables",medium
218991,072655404601,Healthy Choice Frozen Entrée Gourmet Steamers Grilled Chicken Red Pepper Alfredo 292 g,Healthy Choice,Frozen,"Frozen Meals, Entrees & Sides",Frozen Pasta Dinners,3,"Frozen meals, pizza, sides or vegetables",medium
218985,072655404625,Healthy Choice Frozen Entrée Gourmet Steamers Sweet Sesame Chicken 292 g,Healthy Choice,Frozen,"Frozen Meals, Entrees & Sides",Frozen Pasta Dinners,3,"Frozen meals, pizza, sides or vegetables",medium
659113,072655454644,Healthy Choice Frozen Entrée Simply Steamers Chicken & Vegetable Stir Fry 262 g,Healthy Choice,Frozen,"Frozen Meals, Entrees & Sides",Frozen Pasta Dinners,3,"Frozen meals, pizza, sides or vegetables",medium
659114,072655454682,Healthy Choice Frozen Entrée Simply Steamers Grilled Chicken Pesto & Vegetables 259 g,Healthy Choice,Frozen,"Frozen Meals, Entrees & Sides",Frozen Pasta Dinners,3,"Frozen meals, pizza, sides or vegetables",medium
659116,072655454705,Healthy Choice Frozen Entrée Simply Steamers Meatball Marinara 283 g,Healthy Choice,Frozen,"Frozen Meals, Entrees & Sides",Frozen Pasta Dinners,3,"Frozen meals, pizza, sides or vegetables",medium
926610,072655422667,Healthy Choice Gluten-Free Frozen Entree Gourmet Steamer Beef Merlot 269 g,Healthy Choice,Frozen,"Frozen Meals, Entrees & Sides",Frozen Pasta Dinners,3,"Frozen meals, pizza, sides or vegetables",medium
32376,072655897960,Healthy Choice Gourmet Steamers Frozen Entrée Chicken Fettuccini Alfredo 283 g,Healthy Choice,Frozen,"Frozen Meals, Entrees & Sides",Frozen Pasta Dinners,3,"Frozen meals, pizza, sides or vegetables",medium
32378,072655005693,Healthy Choice Gourmet Steamers Frozen Meal Cheesy Ravioli And Chicken Marinara 283 g,Healthy Choice,Frozen,"Frozen Meals, Entrees & Sides",Frozen Pasta Dinners,3,"Frozen meals, pizza, sides or vegetables",medium
32377,072655897977,Healthy Choice Gourmet Steamers Frozen Meal Chicken Fajita 269 g,Healthy Choice,Frozen,"Frozen Meals, Entrees & Sides",Frozen Pasta Dinners,3,"Frozen meals, pizza, sides or vegetables",medium
893204,061763060151,High Liner Family Favourites Frozen Fillets English Style Battered 500 g,High Liner,Frozen,Frozen Meat & Seafood,Frozen Fish,2,"Pasta, Mexican, noodles or aisle-2 frozen specialties",medium
402883,061763050534,High Liner Frozen Breaded Seasoned Pollock Fillets Lemon Peppercorn 500 g,High Liner,Frozen,Frozen Meat & Seafood,Frozen Fish,2,"Pasta, Mexican, noodles or aisle-2 frozen specialties",medium
892395,061763041341,High Liner Frozen Minced Fish Fillets Tempura Battered 700 g,High Liner,Frozen,Frozen Meat & Seafood,Frozen Fish,2,"Pasta, Mexican, noodles or aisle-2 frozen specialties",medium
473075,061763068782,High Liner Frozen Pan Seared Haddock Fillet Traditional 500 g,High Liner,Frozen,Frozen Meat & Seafood,Frozen Fish,2,"Pasta, Mexican, noodles or aisle-2 frozen specialties",medium
892535,061763023095,High Liner Frozen Signature Cuts Haddock Fish Sticks Crispy Breaded 350 g,High Liner,Frozen,Frozen Meat & Seafood,Frozen Fish,2,"Pasta, Mexican, noodles or aisle-2 frozen specialties",medium
552071,691479202387,Hungry Man XL Bowls Frozen Dinner Buffalo Style Chicken Mac 'N Cheese 397 g,Hungry Man,Frozen,"Frozen Meals, Entrees & Sides",Frozen Pasta Dinners,3,"Frozen meals, pizza, sides or vegetables",medium
501174,055000382397,Häagen-Dazs Exträaz Ice Cream Bars Strawberry Cheesecake 3 x 72 ml,Haagen-Dazs,Frozen,Ice Cream & Treats,Ice Cream Bars & Treats,4,"Ice cream, fruit, yogurt or juice",medium
149014,055000840231,Häagen-Dazs Ice Cream Bars Minis Vanilla Milk 4 x 55 ml,Häagen-Dazs,Frozen,Ice Cream & Treats,Ice Cream Bars & Treats,4,"Ice cream, fruit, yogurt or juice",medium
1387300,055000217361,IOGO Ice Cream Mixed Berry & Strawberry Banana Variety 16 x 50 ml,IOGO,Frozen,Ice Cream & Treats,Popsicles & Fruit Bars,4,"Ice cream, fruit, yogurt or juice",medium
959276,069299118117,Janes Frozen Chicken Boneless Bites Buffalo 710 g,Janes,Frozen,Frozen Meat & Seafood,Frozen Chicken Nuggets & Strips,other,Frozen product needs aisle 2/3/4 verification,review
959490,069299605273,Janes Frozen Chicken Wings Classic BBQ 754 g,Janes,Frozen,Frozen Meat & Seafood,Frozen Chicken Wings & Drumsticks,other,Frozen product needs aisle 2/3/4 verification,review
959423,069299605297,Janes Frozen Chicken Wings Sea Salt & Pepper 754 g,Janes,Frozen,Frozen Meat & Seafood,Frozen Chicken Wings & Drumsticks,other,Frozen product needs aisle 2/3/4 verification,review
959422,069299605280,Janes Frozen Fully Cooked Chicken Wings Buffalo 754 g,Janes,Frozen,Frozen Meat & Seafood,Frozen Chicken Wings & Drumsticks,other,Frozen product needs aisle 2/3/4 verification,review
1359427,069299221992,Janes Frozen Haddock Beer Battered 450 g,Janes,Frozen,Frozen Meat & Seafood,Frozen Fish,2,"Pasta, Mexican, noodles or aisle-2 frozen specialties",medium
15388,069299242164,Janes Frozen Tempura Battered Breaded Pollock Fish Uncooked 510 g,Janes,Frozen,Frozen Meat & Seafood,Frozen Fish,2,"Pasta, Mexican, noodles or aisle-2 frozen specialties",medium
292726,055498060258,Krinos Cheese Fillo Twisters 1 kg (frozen),Krinos,Frozen,Frozen Appetizers,International Foods,other,Frozen product needs aisle 2/3/4 verification,review
1427689,990762987650,Marigold Frozen Butter Chicken 354 g,Marigold,Frozen,"Frozen Meals, Entrees & Sides",Frozen Pasta Dinners,3,Prepared frozen dinner/entrée similar to CRAVE (verified category and product name),high
1427690,990762873427,Marigold Frozen Entree Chicken Tikka Masala With Basmati Rice 354 g,MARIGOLD,Frozen,"Frozen Meals, Entrees & Sides",Frozen Pasta Dinners,3,"Frozen meals, pizza, sides or vegetables",medium
1427691,990762000014,Marigold Frozen Entrée Chana Masala 354 g,Marigold,Frozen,"Frozen Meals, Entrees & Sides",Frozen Pasta Dinners,3,"Frozen meals, pizza, sides or vegetables",medium
1427692,990762764923,Marigold Frozen Meal Chicken Korma 354 g,Marigold,Frozen,"Frozen Meals, Entrees & Sides",Frozen Pasta Dinners,3,"Frozen meals, pizza, sides or vegetables",medium
20243,055773005202,McCain Frozen Bistro Selects Fries Beer Battered 624 g,McCain,Frozen,"Frozen Meals, Entrees & Sides",Frozen Fries & Potatoes,3,"Frozen meals, pizza, sides or vegetables",medium
961651,055773004793,McCain Frozen No Flip 9 Minute Onion & Potato Patties 12 pack 600 g,McCain,Frozen,Frozen Bread & Breakfast,Frozen Hash Browns & Home Fries,3,"Frozen meals, pizza, sides or vegetables",medium
256730,055773002690,McCain Frozen Superfries 5 Minute Fries Shoestring 650 g,McCain,Frozen,"Frozen Meals, Entrees & Sides",Frozen Fries & Potatoes,3,"Frozen meals, pizza, sides or vegetables",medium
458285,055773000689,McCain Frozen Superfries Crinkle Cut 650 g,McCain,Frozen,"Frozen Meals, Entrees & Sides",Frozen Fries & Potatoes,3,"Frozen meals, pizza, sides or vegetables",medium
458335,055773000719,McCain Frozen Superfries Extra Crispy Fries Spicy Straight Cut 650 g,McCain,Frozen,"Frozen Meals, Entrees & Sides",Frozen Fries & Potatoes,3,"Frozen meals, pizza, sides or vegetables",medium
458330,055773000702,McCain Frozen Superfries Extra Crispy Fries Straight Cut 650 g,McCain,Frozen,"Frozen Meals, Entrees & Sides",Frozen Fries & Potatoes,3,"Frozen meals, pizza, sides or vegetables",medium
1288819,055773005561,McCain Frozen Superfries Spicy Jumbo Fries Crinkle Cut 650 g,McCain,Frozen,"Frozen Meals, Entrees & Sides",Frozen Fries & Potatoes,3,"Frozen meals, pizza, sides or vegetables",medium
893611,717854215015,Michelina's Frozen Fettucini Alfredo 284 g,Michelina's,Frozen,"Frozen Meals, Entrees & Sides",Frozen Pasta Dinners,3,Prepared frozen dinner/entrée similar to CRAVE (verified category and product name),high
893612,717854215138,Michelina's Frozen Lasagna Alfredo 255 g,Michelina's,Frozen,"Frozen Meals, Entrees & Sides",Frozen Pasta Dinners,3,"Frozen meals, pizza, sides or vegetables",medium
47629,055000208338,Nestlé Drumstick Frozen Dessert Cones King Size Chocolate Fudge Brownie 6 x 180 ml,Drumstick,Frozen,Ice Cream & Treats,Ice Cream Bars & Treats,4,"Ice cream, fruit, yogurt or juice",medium
501220,055000383783,Nestlé Drumstick Frozen Minis Dessert Vanilla Caramel 6 x 63 ml,Nestlé,Frozen,Ice Cream & Treats,Ice Cream Bars & Treats,4,"Ice cream, fruit, yogurt or juice",medium
33549,623682126501,Panache Frozen Uncooked Calamari Crispy 340 g,Panache,Frozen,Frozen Appetizers,,2,"Store-confirmed rule: frozen fish, squid and other frozen seafood belong in Aisle 2",high
30695,623682126556,Panache Ice Cream Bar Cocoa Truffle 4 x 72 ml,Panache,Frozen,Ice Cream & Treats,Ice Cream Bars & Treats,4,"Ice cream, fruit, yogurt or juice",medium
30698,623682126594,Panache Ice Cream Bar Mango Coconut 4 x 72 ml,Panache,Frozen,Ice Cream & Treats,Ice Cream Bars & Treats,4,"Ice cream, fruit, yogurt or juice",medium
30696,623682126563,Panache Ice Cream Bar Salted Caramel Peanut Butter 4 x 72 ml,Panache,Frozen,Ice Cream & Treats,Ice Cream Bars & Treats,4,"Ice cream, fruit, yogurt or juice",medium
653666,069052477659,Pillsbury Frozen Pizza Bites Snacks Pepperoni 693 g,Pillsbury,Frozen,Frozen Pizza,,3,"Frozen meals, pizza, sides or vegetables",medium
961703,069052129527,Pillsbury Pizza Pops Frozen Pizza Snack 3 Cheese 380 g,Pillsbury,Frozen,Frozen Pizza,,3,"Frozen meals, pizza, sides or vegetables",medium
961704,069052129497,Pillsbury Pizza Pops Frozen Pizza Snack Deluxe 380 g,Pillsbury,Frozen,Frozen Pizza,,3,"Frozen meals, pizza, sides or vegetables",medium
961706,069052129480,Pillsbury Pizza Pops Frozen Pizza Snack Pepperoni + Bacon 380 g,Pillsbury,Frozen,Frozen Pizza,,3,"Frozen meals, pizza, sides or vegetables",medium
961705,069052129534,Pillsbury Pizza Pops Frozen Pizza Snack Pepperoni 380 g,Pillsbury,Frozen,Frozen Pizza,,3,"Frozen meals, pizza, sides or vegetables",medium
1353076,069094635932,"Pintys  Breast Chunks, Seasoned, Breaded, Uncooked, 17% Meat Protein Chicken 730 g",Pintys,Frozen,Frozen Meat & Seafood,Frozen Chicken Nuggets & Strips,other,Frozen product needs aisle 2/3/4 verification,review
21874,837464001010,Rustica Frozen Pizza Stuffed Crust Pepperoni 665 g,Rustica,Frozen,Frozen Pizza,,3,"Frozen meals, pizza, sides or vegetables",medium
6301,"064045102013,666050000027,228120000001",Shoal Water Seafoods Boned Salted Cod 454 g,,Frozen,Frozen Meat & Seafood,Frozen Fish,2,"Pasta, Mexican, noodles or aisle-2 frozen specialties",medium
894281,063211060201,Swanson Frozen Beef Pot Pie 200 g,Swanson,Frozen,"Frozen Meals, Entrees & Sides",Frozen Dinners,3,Prepared frozen dinner/entrée similar to CRAVE (verified category and product name),high
1351031,691479060697,Swanson Frozen Lasagna Meat Sauce 255 g,Swanson,Frozen,"Frozen Meals, Entrees & Sides",Frozen Pasta Dinners,3,"Frozen meals, pizza, sides or vegetables",medium
706706,066701009742,Swiss Chalet Frozen Rotisserie Style Beef Pie 655 g,Swiss Chalet,Frozen,"Frozen Meals, Entrees & Sides",Frozen Dinners,3,Prepared frozen dinner/entrée similar to CRAVE (verified category and product name),high
664446,841905080014,Aashirvaad Whole Wheat Flour 9.1 kg,Aashirvaad,International Foods,South Asian,Pantry,6,"Baking, canned goods, soups or crackers",medium
337047,054881005920,Ahmad Tea Cardamom Tea 100 Tagged Tea Bags,Ahmad Tea,International Foods,Middle Eastern,Drinks,5,"Breakfast spreads, hot drinks or shelf-stable beverages",medium
362791,182757001834,Brar's Pure Desi Ghee 800 g,Brar's,International Foods,South Asian,Dairy & Eggs,1,International foods and rice,medium
969905,627985000278,Chalo Light Red Kidney Rajma Beans 3.63 kg,Chalo,International Foods,South Asian,Pantry,1,International foods and rice,medium
19770,627985000940,Chalo Rice Basmati 1.81 kg,Chalo,International Foods,South Asian,Pantry,1,International foods and rice,medium
288693,756702133323,Charras Corn Tostadas Jalapeno 350 g,Charras,International Foods,Latin American,Pantry,2,"Pasta, Mexican, noodles or aisle-2 frozen specialties",medium
341495,049733090346,Cholula Salsa Original Medium 325 ml,Cholula,International Foods,Latin American,Cheese & Deli,2,"Pasta, Mexican, noodles or aisle-2 frozen specialties",medium
580454,058504780041,Clic Canned Fava Beans Extra Large 540 ml,Clic,International Foods,Middle Eastern,Pantry,1,International foods and rice,medium
300634,055742524482,Compliments Salsa Medium Chunky 650 ml,Compliments,International Foods,Latin American,Cheese & Deli,2,"Pasta, Mexican, noodles or aisle-2 frozen specialties",medium
300636,055742524505,Compliments Salsa Mild Chunky 650 ml,Compliments,International Foods,Latin American,Cheese & Deli,2,"Pasta, Mexican, noodles or aisle-2 frozen specialties",medium
137185,055742373387,Compliments Taco Seasoning Mix 35 g,Compliments,International Foods,Latin American,Pantry,2,"Pasta, Mexican, noodles or aisle-2 frozen specialties",medium
197131,624913007743,Cool Runnings Granulated Garlic Powder 650 g,Cool Runnings,International Foods,Caribbean,Pantry,1,International foods and rice,medium
241365,624913005541,Cool Runnings Ground Tumeric 500 g,Cool Runnings,International Foods,Caribbean,Pantry,1,International foods and rice,medium
197006,624913001529,Cool Runnings Seasoning All Purpose 900 g,Cool Runnings,International Foods,Caribbean,Pantry,6,"Baking, canned goods, soups or crackers",medium
430679,627985000049,Eight Treasures Canned Coconut Milk 400 ml,Eight Treasures,International Foods,East Asian,Pantry,1,International foods and rice,medium
7172,052836160250,Excelsior Cream Crackers 225 g,Excelsior,International Foods,Caribbean,,1,International foods and rice,medium
526552,052836140603,Excelsior Jamaican Water Crackers 300 g,Excelsior,International Foods,Caribbean,Pantry,1,International foods and rice,medium
25589,605870000152,Finn Crisp Thin Rye Crispbread Original 200 g,Finn Crisp,International Foods,European,Pantry,1,International foods and rice,medium
693766,055270871409,Grace 100% Pure Coconut Water 500 ml (can),Grace,International Foods,Caribbean,Drinks,1,International foods and rice,medium
7005,055270972182,Grace Bag N'Cook Dry Rub Seasoning With Oven Bag Hot Jamaican Jerk 35 g,Grace,International Foods,Caribbean,Pantry,6,"Baking, canned goods, soups or crackers",medium
310269,055270961209,Grace Canned Corned Beef Reduced Salt 340 g,Grace,International Foods,Caribbean,Pantry,1,International foods and rice,medium
526721,055270844311,Grace Chicken Noodle Soup Mix 60 g,Grace,International Foods,Caribbean,Pantry,2,"Pasta, Mexican, noodles or aisle-2 frozen specialties",medium
526720,055270844304,Grace Cock Soup Mix Spicy 43 g,Grace,International Foods,Caribbean,Pantry,1,International foods and rice,medium
526735,055270851326,Grace Coconut Milk 400 ml,Grace,International Foods,Caribbean,Pantry,1,International foods and rice,medium
287381,055270833766,Grace Coconut Water With Pulp 310 ml (can),Grace,International Foods,Caribbean,Drinks,1,International foods and rice,medium
287380,055270833773,Grace Coconut Water With Pulp 500 ml (can),Grace,International Foods,Caribbean,Drinks,1,International foods and rice,medium
393204,055270870006,Grace Gluten-Free 100% Pure Coconut Water 1 L,Grace,International Foods,Caribbean,Drinks,5,"Breakfast spreads, hot drinks or shelf-stable beverages",medium
211984,055270956526,Grace Gluten-Free Chips Ripe Plantain 85 g,Grace,International Foods,Caribbean,Snacks & Candy,9,"Snack, candy or soft drink",medium
211981,055270956533,Grace Gluten-Free Green Plantain Chips Salted 85 g,Grace,International Foods,Caribbean,Snacks & Candy,9,"Snack, candy or soft drink",medium
441956,055270958902,Grace Gluten-Free Plantain Chips Sweet Chili 85 g,Grace,International Foods,Caribbean,Snacks & Candy,9,"Snack, candy or soft drink",medium
526717,055270842355,Grace Island Soda Ginger Beer 330 ml (bottle),Grace,International Foods,Caribbean,Drinks,9,"Snack, candy or soft drink",medium
1000487,055270710425,Grace Island Soda Mandarin 355 ml (bottle),Grace,International Foods,Caribbean,Drinks,9,"Snack, candy or soft drink",medium
372394,055270851449,Grace Jamaican Jerk Seasoning Mild 284 g,Grace,International Foods,Caribbean,Pantry,6,"Baking, canned goods, soups or crackers",medium
526711,055270839720,Grace Jamaican Style Jerk Marinade Sauce 350 ml,Grace,International Foods,Caribbean,Pantry,1,International foods and rice,medium
191114,055270831953,Grace Peanut Punch Beverage 240 ml,Grace,International Foods,Caribbean,Drinks,1,International foods and rice,medium
526723,055270844335,Grace Pumpkin Beef Soup Mix 50 g,Grace,International Foods,Caribbean,Pantry,1,International foods and rice,medium
526743,055270953389,Grace Sweetened Condensed Milk 300 ml,Grace,International Foods,Caribbean,Pantry,6,"Baking, canned goods, soups or crackers",medium
335812,055270855287,Grace Virgin Coconut Oil 500 ml,Grace,International Foods,South Asian,Caribbean,1,International foods and rice,medium
143697,024463063082,Huy Fong Sambal Oelek Ground Fresh Chili Paste 460 ml,Huy Fong,International Foods,East Asian,Pantry,1,International foods and rice,medium
680218,690225108973,India Gate Basmati Rice Excel 4.53 kg,India Gate,International Foods,European,Pantry,1,International foods and rice,medium
220866,690225105194,India Gate Basmati Rice Premium 4.5 kg,India Gate,International Foods,South Asian,Pantry,1,International foods and rice,medium
499876,090478410159,Jarritos Soft Drink Cola 370 ml (bottle),Jarritos,International Foods,Latin American,Drinks,2,"Pasta, Mexican, noodles or aisle-2 frozen specialties",medium
258329,090478410050,Jarritos Soft Drink Lime 370 ml (bottle),Jarritos,International Foods,Latin American,Drinks,2,"Pasta, Mexican, noodles or aisle-2 frozen specialties",medium
258327,090478410012,Jarritos Soft Drink Mandarine 370 ml (bottle),Jarritos,International Foods,Latin American,Drinks,2,"Pasta, Mexican, noodles or aisle-2 frozen specialties",medium
258331,090478410043,Jarritos Soft Drink Pineapple 370 ml (bottle),Jarritos,International Foods,Latin American,Drinks,2,"Pasta, Mexican, noodles or aisle-2 frozen specialties",medium
313526,090478410098,Jarritos Soft Drink Strawberry Fruit 370 ml (bottle),Jarritos,International Foods,Latin American,Drinks,2,"Pasta, Mexican, noodles or aisle-2 frozen specialties",medium
281807,814668000117,KFI Cooking Sauce Butter Chicken 375 ml,KFI,International Foods,South Asian,Pantry,1,International foods and rice,medium
281810,814668000155,KFI Cooking Sauce Tikka Masala 375 ml,KFI,International Foods,South Asian,Pantry,1,International foods and rice,medium
521204,012822022016,Kadoya Pure Sesame Oil 163 ml,Kadoya,International Foods,East Asian,Pantry,1,International foods and rice,medium
229740,041390050039,Kikkoman Bread Crumbs Panko 227 g,Kikkoman,International Foods,East Asian,Pantry,1,International foods and rice,medium
473223,628790000187,Kim Phat Instant Fresh Udon Noodles 4 x 200 g,Kim Phat,International Foods,East Asian,Pantry,2,"Pasta, Mexican, noodles or aisle-2 frozen specialties",medium
986987,628790001139,Kim Phat Rice Paper 22 cm 400 g,Kim Phat,International Foods,East Asian,Pantry,1,International foods and rice,medium
803793,628790000996,Kim Phat Sesame Oil Roasted 163 ml,Kimphat,International Foods,East Asian,Pantry,1,International foods and rice,medium
916124,066362105067,Kuehne Red Cabbage 796 ml,Kuehne,International Foods,European,Pantry,1,International foods and rice,medium
353440,039045051432,Kuehne Sauerkraut With White Wine Mild 720 ml,Kuehne,International Foods,European,Pantry,1,International foods and rice,medium
344434,060410010402,Kurkure Snack Masala Munch 115 g,Kurkure,International Foods,South Asian,Snacks & Candy,9,"Snack, candy or soft drink",medium
203376,"076397889214,076397030029",La Costena Green Mexican Sauce 455 ml,La Costena,International Foods,Latin American,Pantry,2,"Pasta, Mexican, noodles or aisle-2 frozen specialties",medium
291811,076397889078,La Costena Nacho Slices Picked Jalapeno 327 ml,La Costena,International Foods,Latin American,Pantry,2,"Pasta, Mexican, noodles or aisle-2 frozen specialties",medium
278600,076397889207,La Costeña Beans Whole Black 528.3 ml,La Costeña,International Foods,Latin American,Pantry,2,"Pasta, Mexican, noodles or aisle-2 frozen specialties",medium
30835,742812730712,Lee Kum Kee Chili Sauce Sriracha 435 ml,Lee Kum Kee,International Foods,East Asian,Pantry,1,International foods and rice,medium
30834,742812700616,Lee Kum Kee Hoisin Sauce 443 ml,Lee Kum Kee,International Foods,East Asian,Pantry,1,International foods and rice,medium
544386,742812710905,Lee Kum Kee Pure Sesame Oil 443 ml,Lee Kum Kee,International Foods,East Asian,Pantry,1,International foods and rice,medium
575570,"055000490306,055000490931",Maggi Noodles Masala 280 g,Maggi,International Foods,South Asian,Pantry,1,International foods and rice,medium
341697,055000598125,Maggi Sauce Masala Chilli 340 ml,Maggi,International Foods,South Asian,Pantry,1,International foods and rice,medium
532289,065349002009,Mr. Goudas Table Salt Iodized 1 kg,Mr Goudas,International Foods,Caribbean,Pantry,1,International foods and rice,medium
546293,797677712502,Nanak Dahi Yogurt Indian Style All Natural 2.27 kg,Nanak,International Foods,European,Dairy & Eggs,4,"Ice cream, fruit, yogurt or juice",medium
211866,797677300105,Nanak Pure Desi Ghee 400 g,Nanak,International Foods,South Asian,Dairy & Eggs,1,International foods and rice,medium
306268,620514011783,National Ginger & Garlic Paste 750 g,National,International Foods,South Asian,,1,International foods and rice,medium
489547,810833000029,Nature-SM Herbal Tea Extra Strength 50 g,Nature-SM,International Foods,East Asian,Dairy & Eggs,5,"Breakfast spreads, hot drinks or shelf-stable beverages",medium
622996,031146022847,Nong Shim Vegan Instant Noodle Soup Veggie Mild 448 g,Nong Shim,International Foods,East Asian,Pantry,2,"Pasta, Mexican, noodles or aisle-2 frozen specialties",medium
536157,069694008969,Old Excellent Chocolate Coated Marzipan Loaves 100 g,Old Excellent,International Foods,European,Pantry,9,"Snack, candy or soft drink",medium
80009,041565340248,Pace Gluten-Free Chunky Salsa Mild 642 ml,Pace,International Foods,Latin American,Pantry,2,"Pasta, Mexican, noodles or aisle-2 frozen specialties",medium
7482,041565285754,Pace Thick And Chunky Salsa Hot 642 ml,Pace,International Foods,Latin American,Cheese & Deli,2,"Pasta, Mexican, noodles or aisle-2 frozen specialties",medium
700617,829882000393,Peach Tree Valley Peaches In Light Syrup 1.7 L,Peach Tree Valley,International Foods,European,Pantry,1,International foods and rice,medium
375563,060466844099,Puck Dairy Spread Creamy 500 g,Puck,International Foods,European,Pantry,1,International foods and rice,medium
217545,069694008211,S&F Canned Smoked Cod Liver 120 g,S&F,International Foods,European,Pantry,1,International foods and rice,medium
350037,052851050307,Sadaf Tomato Paste 700 g,Sadaf,International Foods,Middle Eastern,Pantry,1,International foods and rice,medium
335110,"076186005320,076186000523",Sapporo Ichiban Japanese Style Instant Noodles Chicken 5 Pack 500 g,Sapporo Ichiban,International Foods,East Asian,Pantry,1,International foods and rice,medium
974039,829882001628,Semki Roasted Sunflower Seed XXL 300 g,Semki,International Foods,European,Pantry,1,International foods and rice,medium
297619,858782001841,Siwin Frozen Dumplings Chicken And Vegetable 500 g,Siwin,International Foods,East Asian,Frozen,1,International foods and rice,medium
297623,858782001865,Siwin Frozen Dumplings Japanese Pork And Beef 500 g,Siwin,International Foods,East Asian,Frozen,1,International foods and rice,medium
297617,858782001827,Siwin Frozen Dumplings Pork And Vegetable 500 g,Siwin,International Foods,East Asian,Frozen,1,International foods and rice,medium
550181,858782001254,Siwin Frozen Dumplings Vegetable 454 g,Siwin,International Foods,East Asian,Frozen,1,International foods and rice,medium
297615,858782001520,Siwin Frozen Potstickers Chicken And Vegetable 454 g,Siwin,International Foods,East Asian,Frozen,1,International foods and rice,medium
297612,858782001483,Siwin Frozen Potstickers Pork And Vegetable 454 g,Siwin,International Foods,East Asian,Frozen,1,International foods and rice,medium
429200,750515018013,Sky Flakes Crackers Saltine 800 g,Sky Flakes,International Foods,East Asian,Pantry,1,International foods and rice,medium
339101,068656001246,Surati Boondi Chick Pea Puffs 341 g,Surati,International Foods,South Asian,Snacks & Candy,9,"Snack, candy or soft drink",medium
339637,068656002090,Surati Chick Pea Flour Chips Papdi Gathiya 341 g,Surati,International Foods,South Asian,,9,"Snack, candy or soft drink",medium
339638,068656002526,Surati Chick Pea Flour Sticks Spicy Tikha Gathiya 341 g,Surati,International Foods,South Asian,Snacks & Candy,9,"Snack, candy or soft drink",medium
339634,068656001543,Surati Snack Chick Pea  Flour Sticks Goad Gathiya 341 g,Surati,International Foods,South Asian,Snacks & Candy,9,"Snack, candy or soft drink",medium
592314,068656001048,Surati Snacks  Bhungra Spicy 80 g,Surati,International Foods,South Asian,Snacks & Candy,9,"Snack, candy or soft drink",medium
293094,884282110042,Verka Brown Sugar 4.54 kg,Verka,International Foods,South Asian,Pantry,6,"Baking, canned goods, soups or crackers",medium
255965,884282100227,Verka Desi Ghee 1.59 kg,Verka,International Foods,South Asian,,1,International foods and rice,medium
275774,737297000085,Vitamalt Non-Alcoholic Malt Beverage Classic 330 ml (bottle),Vitamalt,International Foods,Caribbean,Drinks,1,International foods and rice,medium
149831,057351121007,Alcan Aluminum Foil The Strong One 12 Inch x 100 Feet,Alcan,Kitchen & Household,Food Wraps & Containers,Aluminum Foil,7,Household paper and food storage,high
748206,057351118359,Alcan Non-Stick Aluminum Foil Extra Wide 18 Inch x 35 Feet,Alcan,Kitchen & Household,Food Wraps & Containers,Aluminum Foil,7,Household paper and food storage,high
608963,065333005252,Arm & Hammer Pet Fresh Carpet Deodorizer 700 g,Arm & Hammer,Kitchen & Household,Air Fresheners & Deodorizers,,other,No reliable aisle rule matched,review
1297792,055742578348,Best Buy Paper Towel 2-Ply 2 Double Rolls x 135 Sheets,Best Buy,Kitchen & Household,Paper Products,Paper Towel,7,Household paper and food storage,high
165177,037000800699,Bounce Dryer Sheets Fresh Linen 80 Count,Bounce,Kitchen & Household,Laundry,Fabric Softener,8,Cleaning and personal care,high
990356,037000570875,Bounce Fabric Softener Sheets Pet & Lint Fresh 2 Pack 120 Count,Bounce,Kitchen & Household,Laundry,Fabric Softener,8,Cleaning and personal care,high
43346,037000570714,Bounce Pet Fabric Softener Sheets Fresh Scent 40 Sheets,Bounce,Kitchen & Household,Laundry,Fabric Softener,8,Cleaning and personal care,high
177416,078291310825,CLR Remover Calcium Lime Rust 828 ml,CLR,Kitchen & Household,Cleaning,All Purpose Cleaners,other,No reliable aisle rule matched,review
71447,055742576030,Compliments Automatic Toilet Bowl Cleaner Tablets 2 Pack,Compliments,Kitchen & Household,Cleaning,All Purpose Cleaners,8,Cleaning and personal care,high
233159,055742506518,Compliments Cellulose Scour Sponge 2 Pack,Compliments,Kitchen & Household,Cleaning,All Purpose Cleaners,other,No reliable aisle rule matched,review
698335,055742546583,Compliments Containers Small Twist Lock Round 3 Count,Compliments,Kitchen & Household,Food Wraps & Containers,Food Storage Containers,other,No reliable aisle rule matched,review
698334,055742546576,Compliments Containers Square Small 4 Pack,Compliments,Kitchen & Household,Food Wraps & Containers,Food Storage Containers,other,No reliable aisle rule matched,review
358931,055742530278,Compliments Disinfecting Wipes Fresh Scent 35 Sheets,Compliments,Kitchen & Household,Cleaning,All Purpose Cleaners,other,No reliable aisle rule matched,review
358933,055742530261,Compliments Disinfecting Wipes Lemon Scent 35 Sheets,Compliments,Kitchen & Household,Cleaning,All Purpose Cleaners,other,No reliable aisle rule matched,review
5234,055742573343,Compliments Facial Tissue 2-Ply 1 Box x 126 Sheets,Compliments,Kitchen & Household,Paper Products,Facial Tissue,7,Household paper and food storage,high
477012,055742533910,Compliments Laundry Stain Remover 650 ml,Compliments,Kitchen & Household,Laundry,Bleach & Stain Removers,8,Cleaning and personal care,high
265142,055742516111,Compliments Plastic Wrap 90 m,Compliments,Kitchen & Household,Food Wraps & Containers,Plastic Wrap,7,Household paper and food storage,high
439007,055742339499,Compliments Premium Dinner Napkins 2-Ply 100 Sheets,Compliments,Kitchen & Household,Paper Products,Napkins,other,No reliable aisle rule matched,review
248776,055742509366,Compliments Sandwich Bags Resealable 100 EA,Compliments,Kitchen & Household,Food Wraps & Containers,Sandwich & Freezer Bags,other,No reliable aisle rule matched,review
248777,055742509373,Compliments Snack Bags Resealable 75 Count,Compliments,Kitchen & Household,Food Wraps & Containers,Sandwich & Freezer Bags,other,No reliable aisle rule matched,review
698640,055742546552,Compliments Square Medium Containers 3 Count,Compliments,Kitchen & Household,Food Wraps & Containers,Food Storage Containers,other,No reliable aisle rule matched,review
367233,055742000160,Compliments Toilet Paper Green Care 2-Ply 12 Rolls x 242 Sheets,Compliments,Kitchen & Household,Paper Products,Toilet Paper,other,No reliable aisle rule matched,review
4770,055742573299,Compliments Toilet Paper Satiny Soft 2-Ply 12 Rolls x 242 Sheets,Compliments,Kitchen & Household,Paper Products,Toilet Paper,other,No reliable aisle rule matched,review
33941,055742575972,Compliments Wax Paper 22.9 m 1 Count,Compliments,Kitchen & Household,Food Wraps & Containers,Wax Paper & Parchment Paper,7,Household paper and food storage,high
357345,036000359701,Cottonelle Fresh Care Flushable Wet Wipes 2 Packs x 42 Wipes,Cottonelle,Kitchen & Household,Paper Products,Toilet Paper,other,No reliable aisle rule matched,review
1379081,030772226551,Dawn Fresh Rain Platinum Dish Detergent 2.01 l,Dawn,Kitchen & Household,Kitchen Supplies,Dish Detergent,8,Cleaning and personal care,high
922530,030772009086,Dawn Ultra Concentré Dish Soap Ez-Squeeze Original 650 ml,Dawn,Kitchen & Household,Kitchen Supplies,Dish Detergent,8,Cleaning and personal care,high
922562,030772008652,Dawn Ultra Dish Detergent Original 2.64 L,Dawn,Kitchen & Household,Kitchen Supplies,Dish Detergent,8,Cleaning and personal care,high
5475,030772070369,Dawn Ultra Dishwashing Liquid Original 709 ml,Dawn,Kitchen & Household,Kitchen Supplies,Dish Detergent,8,Cleaning and personal care,high
3821,030772088319,Dawn Ultra Oxi Dish Soap Lemon 431 ml,Dawn,Kitchen & Household,Kitchen Supplies,Dish Detergent,8,Cleaning and personal care,high
25896,030772087725,Downy Fabric Enhancer Light Ocean Mist 379 g,Downy,Kitchen & Household,Laundry,Fabric Softener,8,Cleaning and personal care,high
26215,030772100455,Downy Fabric Softener Free & Gentle 120 Loads 2.63 L,Downy,Kitchen & Household,Laundry,Fabric Softener,8,Cleaning and personal care,high
25937,030772087572,Downy Infusions In-Wash Scent Booster Calm Lavender & Vanilla Bean 379 g,Downy,Kitchen & Household,Laundry,Fabric Softener,8,Cleaning and personal care,high
25984,030772100318,Downy Ultra Fabric Enhancers April Fresh 2.63 L,Downy,Kitchen & Household,Laundry,Fabric Softener,8,Cleaning and personal care,high
27016,062913033162,Fantastik Disinfectant All-Purpose Cleaner With Bleach 650 ml,Fantastik,Kitchen & Household,Cleaning,All Purpose Cleaners,8,Cleaning and personal care,high
432881,051700762064,Finish Dishwasher Cleaner Jet Dry Rinse Agent 621 ml,Finish,Kitchen & Household,Kitchen Supplies,Dish Detergent,8,Cleaning and personal care,high
2926,051700997596,Finish Dishwasher Detergent Quantum Fresh 45 Tabs,Finish,Kitchen & Household,Cleaning,Dishwasher Detergent,8,Cleaning and personal care,high
511576,051700367771,Finish Dishwasher Detergent Ultimate Quantum Regular 26 Tabs,Finish,Kitchen & Household,Cleaning,Dishwasher Detergent,8,Cleaning and personal care,high
510321,051700367832,Finish Dishwashing Detergent Quantum Ultimate Powerball 72 Tabs,Finish,Kitchen & Household,Cleaning,Dishwasher Detergent,8,Cleaning and personal care,high
932343,051700996544,Finish Dishwashing Supplies Quantum Jet-Dry 946 ml,Finish,Kitchen & Household,Cleaning,Dishwasher Detergent,8,Cleaning and personal care,high
1393634,051700994885,Finish Powerball Quantum Dishwashing Detergent Tabs 90 Count,Finish,Kitchen & Household,Cleaning,Dishwasher Detergent,8,Cleaning and personal care,high
1311031,051700999958,Finish Quantum Ultimate Dishwasher Detergent Tabs Lemon 72 Count,Finish,Kitchen & Household,Cleaning,Dishwasher Detergent,8,Cleaning and personal care,high
52065,051700998821,Finish Quantum UltraMAX Dish Cleaning Detergent 30 ea,Finish,Kitchen & Household,Cleaning,Dishwasher Detergent,8,Cleaning and personal care,high
1311470,051700992492,Finish Quantum Ultramax Dishwasher Detergent Lemon 60 Count,Finish,Kitchen & Household,Cleaning,Dishwasher Detergent,8,Cleaning and personal care,high
1311464,051700992430,Finish Quantum Ultramax Dishwasher Detergent Tabs 68 Count,Finish,Kitchen & Household,Kitchen Supplies,Dish Detergent,8,Cleaning and personal care,high
594779,035000973962,Fleecy Calm Fabric Softener 57 Use 1.36 L,Fleecy,Kitchen & Household,Laundry,Fabric Softener,8,Cleaning and personal care,high
990707,827854005452,Fleecy Fabric Softener Brazilian Paradise 1.36 L,Fleecy,Kitchen & Household,Laundry,Fabric Softener,8,Cleaning and personal care,high
990708,035000973924,Fleecy Fabric Softener Fresh Air 199 Uses 4.7 L,Fleecy,Kitchen & Household,Laundry,Fabric Softener,8,Cleaning and personal care,high
75168,058000003668,Fleecy Fabric Softener Fresh Air 80 Sheets,Fleecy,Kitchen & Household,Laundry,Fabric Softener,8,Cleaning and personal care,high
60550,058000003682,Fleecy Gentle Fabric Softener Vanilla 80 Sheets,Fleecy,Kitchen & Household,Laundry,Fabric Softener,8,Cleaning and personal care,high
364746,030772094792,Gain Flings Laundry Detergent Pods Moonlight Breeze 31 Pacs 629 g,Gain,Kitchen & Household,Laundry,Liquid Laundry Detergent,8,Cleaning and personal care,high
12430,037000867500,Gain Flings Laundry Pods Original 10 Pods 340 g,Gain,Kitchen & Household,Laundry,Liquid Laundry Detergent,8,Cleaning and personal care,high
364596,030772092095,Gain Liquid Laundry Detergent Moonlight Breeze With Febreze 2.6 L,Gain,Kitchen & Household,Laundry,Liquid Laundry Detergent,8,Cleaning and personal care,high
1343382,067489450016,Glad Cling'n Seal Plant Based Food Wrap 1 Count,Glad,Kitchen & Household,Food Wraps & Containers,Plastic Wrap,7,Household paper and food storage,high
189044,059631752277,Lysol All Purpose Cleaner Lemon 650 ml,Lysol,Kitchen & Household,Cleaning,All Purpose Cleaners,8,Cleaning and personal care,high
631561,019200789158,Lysol Bathroom Bleach Cleaner 950 ml,Lysol,Kitchen & Household,Cleaning,All Purpose Cleaners,8,Cleaning and personal care,high
127927,059631759337,Lysol Bathroom Cleaner Summer Fresh 950 ml,Lysol,Kitchen & Household,Cleaning,All Purpose Cleaners,8,Cleaning and personal care,high
965313,019200993661,Lysol Disinfecting Wipes Spring Waterfall 75 Count,Lysol,Kitchen & Household,Cleaning,All Purpose Cleaners,other,No reliable aisle rule matched,review
21953,059631823144,Lysol Power Twin Pack Toilet Cleaner Value Pack 2 x 710 ml,Lysol,Kitchen & Household,Cleaning,All Purpose Cleaners,8,Cleaning and personal care,high
177346,059631749536,Lysol Toilet Bowl Cleaner Continuous Action 100 g,Lysol,Kitchen & Household,Cleaning,All Purpose Cleaners,8,Cleaning and personal care,high
306147,037000820383,Mr. Clean Magic Eraser Cleaner Pads Extra Power 4 Count,Mr. Clean,Kitchen & Household,Cleaning,All Purpose Cleaners,8,Cleaning and personal care,high
3719,827854007302,Palmolive  Dishwashing Liquid  Salt & Citrus 828 ml,Palmolive,Kitchen & Household,Kitchen Supplies,Dish Detergent,8,Cleaning and personal care,high
480741,058000312852,Palmolive Dish Liquid Orange Extract 828 ml,Palmolive,Kitchen & Household,Kitchen Supplies,Dish Detergent,8,Cleaning and personal care,high
3741,"827854007203,827854007272",Palmolive Dishwashing Liquid  Orange 4.3 L,Palmolive,Kitchen & Household,Kitchen Supplies,Dish Detergent,8,Cleaning and personal care,high
673926,058000140288,Palmolive Liquid Dish Detergent Oxy 591 ml,Palmolive,Kitchen & Household,Kitchen Supplies,Dish Detergent,8,Cleaning and personal care,high
677229,058000140271,Palmolive Ultra Anti Bacterial Dish Liquid Orange 591 ml,Palmolive,Kitchen & Household,Kitchen Supplies,Dish Detergent,8,Cleaning and personal care,high
1392484,827854028512,Palmolive Ultra Dish Liquid Oxy EZ Pump 828 ml,Palmolive,Kitchen & Household,Kitchen Supplies,Dish Detergent,8,Cleaning and personal care,high
401099,061328482145,Purex Toilet Paper 2 Ply 12 Double Rolls x 242 Sheets,Purex,Kitchen & Household,Paper Products,Toilet Paper,other,No reliable aisle rule matched,review
401101,061328483135,Purex Toilet Paper 2-Ply 12 Triple Rolls x 363 Sheets,Purex,Kitchen & Household,Paper Products,Toilet Paper,other,No reliable aisle rule matched,review
414160,061328484316,Purex Toilet Paper 2-Ply 30 Jumbo Rolls x 202 Sheets,Purex,Kitchen & Household,Paper Products,Toilet Paper,other,No reliable aisle rule matched,review
401096,061328482091,Purex Toilet Paper 2-Ply 8 Double Rolls x 242 Sheets,Purex,Kitchen & Household,Paper Products,Toilet Paper,other,No reliable aisle rule matched,review
958100,061328493516,Purex Toilet Paper Ultraluxe 2 Ply 8 Triple Rolls x 198 Sheets,Purex,Kitchen & Household,Paper Products,Toilet Paper,other,No reliable aisle rule matched,review
950040,061328485986,Purex Toliet Paper Ultra 3 Ply 8 Triple Rolls x 198 Sheets,Purex,Kitchen & Household,Paper Products,Toilet Paper,other,No reliable aisle rule matched,review
233907,062200826859,Resolve Laundry Stain Remover Oxi Action Silver 650 ml,Resolve,Kitchen & Household,Laundry,Bleach & Stain Removers,8,Cleaning and personal care,high
4166,061328852719,Scotties Facial Tissues Supreme 3-Ply 81 Sheets,Scotties,Kitchen & Household,Paper Products,Facial Tissue,7,Household paper and food storage,high
262248,061328801366,Scotties Original Facial Tissues 2-Ply 6 Boxes x 126 Sheets,Scotties,Kitchen & Household,Paper Products,Facial Tissue,7,Household paper and food storage,high
4163,061328852702,Scotties Supreme Facial Tissue 3-Ply 6 Boxes x 81 Sheets,Scotties,Kitchen & Household,Paper Products,Facial Tissue,7,Household paper and food storage,high
299098,061328802172,Scotties Tissues Original 2 Ply 9 x 100 Sheets,Scotties,Kitchen & Household,Paper Products,Facial Tissue,7,Household paper and food storage,high
677170,061328869106,Scotties To Go 3 Ply Facial Tissues 8 pack,Scotties,Kitchen & Household,Paper Products,Facial Tissue,7,Household paper and food storage,high
386854,061328869083,Scotties To Go Tissues Pocket Pack 3-Ply 8 Packs x 10 Tissues,Scotties,Kitchen & Household,Paper Products,Facial Tissue,7,Household paper and food storage,high
658022,062913733604,Scrubbing Bubbles Automatic Toilet Bowl Cleaner Gel Citrus 38 g,Scrubbing Bubbles,Kitchen & Household,Cleaning,All Purpose Cleaners,8,Cleaning and personal care,high
190971,062913733260,Scrubbing Bubbles Bathroom Cleaner & Disinfectant Mega Shower Foamer 567g,Scrubbing Bubbles,Kitchen & Household,Cleaning,All Purpose Cleaners,8,Cleaning and personal care,high
458228,062913735042,Scrubbing Bubbles Mega Shower Foamer Bathroom Cleaner Spray Soap Scum Remover 946ml,Scrubbing Bubbles,Kitchen & Household,Cleaning,All Purpose Cleaners,8,Cleaning and personal care,high
1328588,061328531331,Sponge Towels Paper Towel Ultra 2-Ply 3 Double Rolls x 128 Sheets,Sponge Towels,Kitchen & Household,Paper Products,Paper Towel,7,Household paper and food storage,high
1328592,061328533519,Sponge Towels Paper Towel Ultra 2-Ply 3 Double Rolls x 98 Sheets,Sponge Towels,Kitchen & Household,Paper Products,Paper Towel,7,Household paper and food storage,high
1444028,061328533618,Sponge Towels Paper Towel Ultra Pro 2-Ply 3 Double Rolls x 88 Sheets,Sponge Towels,Kitchen & Household,Paper Products,Paper Towel,7,Household paper and food storage,high
1444027,061328533649,Sponge Towels Paper Towel Ultra Pro 2-Ply 6 Double Rolls x 88 Sheets,Sponge Towels,Kitchen & Household,Paper Products,Paper Towel,7,Household paper and food storage,high
963088,072613472536,Sunlight Morning Fresh Detergent 4 L,Sunlight,Kitchen & Household,Laundry,Liquid Laundry Detergent,8,Cleaning and personal care,high
352792,030772121405,Tide Liquid Laundry Detergent 100 Loads Scent Free 3.9 L,Tide,Kitchen & Household,Laundry,Liquid Laundry Detergent,8,Cleaning and personal care,high
352419,030772121016,Tide Liquid Laundry Detergent Original Regular 3.9 L,Tide,Kitchen & Household,Laundry,Liquid Laundry Detergent,8,Cleaning and personal care,high
1325594,030772176382,Tide Simple All In One Liquid Laundry Detergent Refreshing Breeze 946 ml,Tide,Kitchen & Household,Laundry,Liquid Laundry Detergent,8,Cleaning and personal care,high
75514,814521012059,Tide To Go Stain Remover Pen 10 ml,Tide,Kitchen & Household,Laundry,Bleach & Stain Removers,8,Cleaning and personal care,high
1405886,030772174708,Tide Ultra Hygienic Clean Liquid Laundry 3.46 l,Tide,Kitchen & Household,Laundry,Liquid Laundry Detergent,8,Cleaning and personal care,high
631360,067238586669,Vim Power & Shine Bathroom Spray Cleaner Removes Limescale And Soap Scum 700 ml,Vim,Kitchen & Household,Cleaning,All Purpose Cleaners,8,Cleaning and personal care,high
177060,067238212308,Vim Pureboost Cream Cleaner With Bleach Multi Surface Cleaner 500 ml,Vim,Kitchen & Household,Cleaning,All Purpose Cleaners,8,Cleaning and personal care,high
457315,067140001618,Ziploc Freezer Bags Grip 'n Seal Technology Large Mega Pack 60 Count,Ziploc,Kitchen & Household,Food Wraps & Containers,Sandwich & Freezer Bags,other,No reliable aisle rule matched,review
152448,067140004305,Ziploc Freezer Bags Seal Top Medium 22 Count,Ziploc,Kitchen & Household,Food Wraps & Containers,Sandwich & Freezer Bags,other,No reliable aisle rule matched,review
494623,067140700719,Ziploc Sandwich Bags Easy Open Tabs 180 Bags,Ziploc,Kitchen & Household,Food Wraps & Containers,Sandwich & Freezer Bags,other,No reliable aisle rule matched,review
1430172,067140004787,Ziploc Sandwich Bags Extra Large 60 Bags,Ziploc,Kitchen & Household,Food Wraps & Containers,Sandwich & Freezer Bags,other,No reliable aisle rule matched,review
1430577,067140004299,Ziploc Storage Bags Heavy Duty Large 10 Bags,Ziploc,Kitchen & Household,Food Wraps & Containers,Sandwich & Freezer Bags,other,No reliable aisle rule matched,review
152470,067140003506,Ziploc Storage Bags With New Grip 'n Seal Technology Large 19 Bags,Ziploc,Kitchen & Household,Food Wraps & Containers,Sandwich & Freezer Bags,other,No reliable aisle rule matched,review
675258,268405000005,Capital Fine Meats Bacon Ends Smoked Naturally,Capital Fine Meats,Local,Local Western Canada,Meat,other,No reliable aisle rule matched,review
675246,226603000005,Capital Fine Meats Pork Hocks Smoked,Capital Fine Meats,Local,Local Western Canada,Meat,other,No reliable aisle rule matched,review
468546,624967700065,AL SAFA HALAL Popcorn Chicken 500 g,AL SAFA HALAL,Meat,Burgers,,meat,"Snack, candy or soft drink",medium
315868,060597383009,Belmont Homestyle Frozen Burgers Angus Beef 852 g,Belmont,Meat,Burgers,Frozen Beef Burgers,meat,Fresh/refrigerated or separate store section,medium
315865,060597383054,Belmont Prime Rib Beef Burgers Homestyle 852 g (frozen),Belmont,Meat,Burgers,Frozen Beef Burgers,meat,Fresh/refrigerated or separate store section,medium
1354639,810057291463,Beyond Beef Plant Based Frozen Ground 2 x 454 g,Beyond Beef,Meat,Burgers,Frozen Beef Burgers,meat,Fresh/refrigerated or separate store section,medium
1381671,065822470158,Butterball Frozen Seasoned Turkey Roast Boneless Turkey Breast 1.2 kg,Butterball,Meat,Turkey,Frozen Turkey,meat,Fresh/refrigerated or separate store section,medium
100341,065822980800,Butterball Turkey Bacon Original 375 g,Butterball,Meat,Turkey,Turkey Bacon,meat,Fresh/refrigerated or separate store section,medium
158981,068820108207,Compliments Bacon Fully Cooked Naturally Smoked 65 g,Compliments,Meat,Pork,Pork Bacon,meat,Fresh/refrigerated or separate store section,medium
1000004,068820136620,Compliments Bacon Maple Flavoured 375g,Compliments,Meat,Pork,Pork Bacon,meat,Fresh/refrigerated or separate store section,medium
1000005,068820136637,Compliments Bacon Naturally Smoked 375 g,Compliments,Meat,Pork,Pork Bacon,meat,Fresh/refrigerated or separate store section,medium
157390,055742378306,Compliments Balance Frozen Burgers Turkey 6 Patties 852 g,Compliments,Meat,Burgers,Frozen Beef Burgers,meat,Fresh/refrigerated or separate store section,medium
285526,055742521207,Compliments Balance Frozen Chicken Burgers Extra Lean 6 Patties 850 g,Compliments,Meat,Burgers,Frozen Beef Burgers,meat,Fresh/refrigerated or separate store section,medium
353952,280735000005,Compliments Chicken Breasts Bone-In Skin-On Value Pack,Compliments,Meat,Chicken,Chicken Breasts,meat,Fresh/refrigerated or separate store section,medium
340818,220079000002,Compliments Chicken Thighs Boneless Skinless,Compliments,Meat,Chicken,"Chicken Thighs, Drumsticks & Wings",meat,Fresh/refrigerated or separate store section,medium
353956,280737000003,Compliments Chicken Wings Value Size,Compliments,Meat,Chicken,"Chicken Thighs, Drumsticks & Wings",meat,Fresh/refrigerated or separate store section,medium
385195,055742577143,Compliments Frozen Beef Burger 100% Angus 6 x 142 g,Compliments,Meat,Burgers,Frozen Beef Burgers,meat,Fresh/refrigerated or separate store section,medium
385229,055742577150,Compliments Frozen Beef Burgers Prime Rib 6 x 142 g,Compliments,Meat,Burgers,Frozen Beef Burgers,meat,Fresh/refrigerated or separate store section,medium
1326007,055742580600,Compliments Frozen Beef Burgers Stuffed Cheddar & Bacon 680 g,Compliments,Meat,Burgers,Frozen Beef Burgers,meat,Fresh/refrigerated or separate store section,medium
1326005,055742580594,Compliments Frozen Burger Stuffed Cheddar Beef 680 g,Compliments,Meat,Burgers,Frozen Beef Burgers,meat,Fresh/refrigerated or separate store section,medium
385211,055742577174,Compliments Frozen Burgers Angus Beef & Smoked Pork Belly 6 x 142 g,Compliments,Meat,Burgers,Frozen Beef Burgers,meat,Fresh/refrigerated or separate store section,medium
1320171,055742578577,Compliments Frozen Pork Breakfast Sausage Original 375 g,Compliments,Meat,Hot Dogs & Sausages,Frozen Sausages,meat,Fresh/refrigerated sausage needs confirmation,review
1320172,055742578591,Compliments Frozen Pork Breakfast Sausage Smokey Maple 375 g,Compliments,Meat,Hot Dogs & Sausages,Frozen Sausages,meat,Fresh/refrigerated sausage needs confirmation,review
1320167,055742578553,Compliments Frozen Pork Sausage Honey Garlic 500 g,Compliments,Meat,Hot Dogs & Sausages,Frozen Sausages,meat,Fresh/refrigerated sausage needs confirmation,review
1320168,055742578539,Compliments Frozen Pork Sausage Hot Italian 500 g,Compliments,Meat,Hot Dogs & Sausages,Frozen Sausages,meat,Fresh/refrigerated sausage needs confirmation,review
683624,055742545562,Compliments Frozen Traditional Beef Burgers 8 Patties 907 g,Compliments,Meat,Burgers,Frozen Beef Burgers,meat,Fresh/refrigerated or separate store section,medium
418343,055742556728,Compliments Ham Sausage 300 g,Compliments,Meat,Hot Dogs & Sausages,Sausages,meat,Fresh/refrigerated sausage needs confirmation,review
1000007,068820136644,Compliments Naturally Smoked Less Salt Bacon 375 g,Compliments,Meat,Pork,Pork Bacon,meat,Fresh/refrigerated or separate store section,medium
586022,055742559804,Compliments Pork Ground Lean 454 g,Compliments,Meat,Pork,Ground Pork,meat,Fresh/refrigerated or separate store section,medium
793699,055742549218,Compliments Sausage Bacon & Cheddar 900 g,Compliments,Meat,Hot Dogs & Sausages,Sausages,meat,Fresh/refrigerated sausage needs confirmation,review
837473,055742567106,Compliments Thick Cut Bacon Naturally Smoked Value Size 1 kg,Compliments,Meat,Pork,Pork Bacon,meat,Fresh/refrigerated or separate store section,medium
359101,068820129301,Compliments Turkey Bacon-Style 375 g,Compliments,Meat,Turkey,Turkey Bacon,meat,Fresh/refrigerated or separate store section,medium
1404580,068820121701,Compliments Wieners Chicken 450 g,Compliments,Meat,Hot Dogs & Sausages,,meat,Fresh/refrigerated or separate store section,medium
1404573,055742582833,Compliments Wieners Chicken 900 g,Compliments,Meat,Hot Dogs & Sausages,,meat,Fresh/refrigerated or separate store section,medium
5580,210021000006,Frozen Grade A Turkey 5-7 kg,,Meat,Turkey,Frozen Turkey,meat,Fresh/refrigerated or separate store section,medium
5585,210018000002,Frozen Turkey Grade A 7-9 kg,,Meat,Turkey,"Whole Turkey, Breasts & Thighs",meat,Fresh/refrigerated or separate store section,medium
44657,213010000001,Lamb Shank,,Meat,Lamb,,meat,Fresh/refrigerated or separate store section,medium
971682,773220104277,Lou's BBQ Pork Back Ribs 610 g,Lou's,Meat,Ready to Cook,,meat,Fresh/refrigerated or separate store section,medium
971698,773220102341,Lou's Kitchen Maple Bourbon Pork Back Rib Ribs 585 g,Lou's Kitchen,Meat,Ready to Cook,,meat,Fresh/refrigerated or separate store section,medium
971688,773220104260,Lou's Kitchen Pork Back Ribs BBQ Sauce 610 g,Lou's,Meat,Ready to Cook,,meat,Fresh/refrigerated or separate store section,medium
389018,063100375546,Maple Leaf Natural Bacon Slices Less Salt 375 g,Maple Leaf,Meat,Pork,Pork Bacon,meat,Fresh/refrigerated or separate store section,medium
16248,067714002034,Maple Lodge Farms Zabiha Halal Chicken Wieners 450 g,Maple Lodge Farms,Meat,Hot Dogs & Sausages,Hot Dogs,meat,Fresh/refrigerated or separate store section,medium
1001949,627907111716,Marcangelo Beef Medallions Bacon Wrapped 340 g,Marcangelo,Meat,Beef & Veal,Ground Beef & Burgers,meat,Fresh/refrigerated or separate store section,medium
1354739,627907118647,Marcangelo Frozen Grind Pork Sausage Spicy Italian 450 g,Marcangelo,Meat,Hot Dogs & Sausages,Frozen Sausages,meat,Fresh/refrigerated sausage needs confirmation,review
1354695,627907118630,Marcangelo Frozen Grind Pork Sausage Sweet Italian 450 g,Marcangelo,Meat,Hot Dogs & Sausages,Frozen Sausages,meat,Fresh/refrigerated sausage needs confirmation,review
751552,627907093982,Marcangelo Frozen Sausages Mild Italian 675 g,Marcangelo,Meat,Hot Dogs & Sausages,Frozen Sausages,meat,Fresh/refrigerated or separate store section,medium
1006410,627907111709,Marcangelo Pork Sirloin Kabobs Souvlaki 640 g,Marcangelo Foods,Meat,Pork,"Pork Ribs, Chops & Tenderloin",meat,Fresh/refrigerated or separate store section,medium
396599,063100421496,Mina Halal Frozen Beef Burgers Jalapeño 800 g,Mina,Meat,Burgers,Local,meat,Fresh/refrigerated or separate store section,medium
455191,066701010380,Montana's Pork Back Ribs Texas Style BBQ 650 g,Montana's,Meat,Ready to Cook,,meat,Fresh/refrigerated or separate store section,medium
586925,214780000000,Panache Hickory Smoked Ham Spiral Honey,Panache,Meat,Pork,Ham,meat,"Breakfast spreads, hot drinks or shelf-stable beverages",medium
1461599,063351017196,Roadhouse Frozen Cardinal Medium Ground Beef 454 g,Roadhouse,Meat,Beef & Veal,Ground Beef & Burgers,meat,Fresh/refrigerated or separate store section,medium
391836,063100375942,Schneiders 50% Less Salt Bacon Hickory Smoked 375 g,Schneiders,Meat,Pork,Pork Bacon,meat,Fresh/refrigerated or separate store section,medium
791203,063100479398,Schneiders 97% Fat Free Lower Sodium Smoked Ham 700 g,Schneiders,Meat,Pork,Ham,meat,Fresh/refrigerated or separate store section,medium
1472190,283948000008,Schneiders Bone In Ham,Schneiders,Meat,Pork,Ham,meat,Fresh/refrigerated or separate store section,medium
791215,063100480233,Schneiders Ham Applewood Smoked Brown Sugar 700 g,Schneiders,Meat,Pork,Ham,meat,"Baking, canned goods, soups or crackers",medium
1004881,063100275631,Schneiders Thick Cut Bacon Double Smoked 375 g,Schneiders,Meat,Pork,Pork Bacon,meat,Fresh/refrigerated or separate store section,medium
1004882,063100275624,Schneiders Thick Cut Bacon Maple 375 g,Schneiders,Meat,Pork,Pork Bacon,meat,Fresh/refrigerated or separate store section,medium
1348959,627577089957,Wendy's Patties Ground Beef 454 g,Wendys,Meat,Beef & Veal,Ground Beef & Burgers,meat,Fresh/refrigerated or separate store section,medium
966325,067714008463,Zabiha Halal Chicken Sticks Spicy 300 g,Zabiha Halal,Meat,Hot Dogs & Sausages,Sausages,meat,Fresh/refrigerated or separate store section,medium
694153,013562498857,Annie's Macaroni & Cheese Mini Penne Pasta Four Cheese 156 g,Annie's,Pantry,Easy Prep Meals & Sides,Macaroni & Cheese,2,"Pasta, Mexican, noodles or aisle-2 frozen specialties",medium
104650,065333001100,Arm & Hammer Pure Baking Soda 500 g,Arm & Hammer,Pantry,Baking & Cooking Ingredients,"Baking Soda, Yeast & Powders",9,"Snack, candy or soft drink",medium
785496,076808011166,Barilla Pasta Cut Macaroni 410 g,Barilla,Pantry,"Pasta, Noodles & Sauce",Dry Pasta & Noodles,2,"Pasta, Mexican, noodles or aisle-2 frozen specialties",medium
785344,076808011050,Barilla Pasta Fettuccine 410 g,Barilla,Pantry,"Pasta, Noodles & Sauce",Dry Pasta & Noodles,2,"Pasta, Mexican, noodles or aisle-2 frozen specialties",medium
577676,076808009385,Barilla Pasta Orzo 340 g,Barilla,Pantry,"Pasta, Noodles & Sauce",Dry Pasta & Noodles,2,"Pasta, Mexican, noodles or aisle-2 frozen specialties",medium
785343,076808011104,Barilla Pasta Rotini 410 g,Barilla,Pantry,"Pasta, Noodles & Sauce",Dry Pasta & Noodles,2,"Pasta, Mexican, noodles or aisle-2 frozen specialties",medium
806350,058496459284,Ben's Original Bistro Express Long Grain Rice & Roasted Chicken 250 g,Ben's Original,Pantry,Easy Prep Meals & Sides,"Rice, Grains & Legumes",1,International foods and rice,medium
1383170,058496501730,Ben's Original Bistro Express Rice Side Coconut Sticky 240 g,Bens Original,Pantry,Easy Prep Meals & Sides,,other,No reliable aisle rule matched,review
1383169,058496501839,Ben's Original Bistro Express Rice Side Dish Brown Jasmine Rice 240 g,Ben's Original,Pantry,Easy Prep Meals & Sides,,2,"Pasta, Mexican, noodles or aisle-2 frozen specialties",medium
10293,058496464691,Ben's Original Converted Rice Side Dish Long Grain Parboiled 2.2 kg,Ben's Original,Pantry,"Rice, Grains & Legumes",Dry Rice,2,"Pasta, Mexican, noodles or aisle-2 frozen specialties",medium
10343,058496464684,Ben's Original Rice Side Dish Whole Grain Brown 2.2 kg,Ben's Original,Pantry,"Rice, Grains & Legumes",Dry Rice,2,"Pasta, Mexican, noodles or aisle-2 frozen specialties",medium
302222,068100891003,Bull's-Eye Barbecue Sauce Honey Garlic Bonanza 425 ml,Bull's-Eye,Pantry,Condiments,Marinades & Sauces,5,"Breakfast spreads, hot drinks or shelf-stable beverages",medium
653866,063211221930,Campbell's Gluten-Free Pho Broth Natural 900 ml,Campbell's,Pantry,Soup & Broth,Soup & Soup Mixes,5,"Breakfast spreads, hot drinks or shelf-stable beverages",medium
1377456,064200130813,Catelli Ready Cut Pasta Macaroni 454 g,Catelli,Pantry,"Pasta, Noodles & Sauce",Dry Pasta & Noodles,2,"Pasta, Mexican, noodles or aisle-2 frozen specialties",medium
1304626,065633227514,Cheerios Cereal Fruity 311 g,Cheerios,Pantry,Cereal & Breakfast Foods,Cereal,other,No reliable aisle rule matched,review
811250,065633134652,Cheerios Cereal Original Whole Grains Family Size 570 g,Cheerios,Pantry,Cereal & Breakfast Foods,Cereal,other,No reliable aisle rule matched,review
493832,065633400139,Chex Gluten-Free Breakfast Cereal Cinnamon Whole Grains 345 g,General Mills,Pantry,Cereal & Breakfast Foods,Cereal,5,"Breakfast spreads, hot drinks or shelf-stable beverages",medium
1118477,066721029218,Christie Toppables Crackers Family Size 454 g,Christie,Pantry,"Crackers, Cookies & Desserts",Crackers,other,No reliable aisle rule matched,review
811450,065633134423,Cinnamon Toast Crunch Cereal Whole Grains Family Size 591 g,Toast Crunch,Pantry,Cereal & Breakfast Foods,Cereal,other,No reliable aisle rule matched,review
1300701,057000012465,Classico Di Campania Pasta Sauce Sweet Basil Marinara 600 ml,Classico,Pantry,"Pasta, Noodles & Sauce",Pasta Sauce,2,"Pasta, Mexican, noodles or aisle-2 frozen specialties",medium
216594,057000330194,Classico Pasta Sauce Alfredo 410 ml,Classico,Pantry,"Pasta, Noodles & Sauce",Pasta Sauce,2,"Pasta, Mexican, noodles or aisle-2 frozen specialties",medium
1300703,057000012472,Classico Pasta Sauce Italian Sausage Pepper & Onion 600 ml,Classico,Pantry,"Pasta, Noodles & Sauce",Pasta Sauce,2,"Pasta, Mexican, noodles or aisle-2 frozen specialties",medium
1300700,057000012441,Classico Pasta Sauce Tomato & Basil 600 ml,Classico,Pantry,"Pasta, Noodles & Sauce",Pasta Sauce,2,"Pasta, Mexican, noodles or aisle-2 frozen specialties",medium
552686,066200019808,Club House 25% Less Salt Alfredo Pasta Sauce Mix 30 g,Club House,Pantry,"Pasta, Noodles & Sauce",Pasta Sauce,2,"Pasta, Mexican, noodles or aisle-2 frozen specialties",medium
331286,066200024024,Club House Seasoning Hot+ Honey 170 g,Club House,Pantry,Spices & Seasoning,Seasoning,5,"Breakfast spreads, hot drinks or shelf-stable beverages",medium
564518,055742556360,Compliments BBQ Sauce Honey Garlic 425 ml,Compliments,Pantry,Condiments,Marinades & Sauces,5,"Breakfast spreads, hot drinks or shelf-stable beverages",medium
164726,055742373462,Compliments Balsamic Vinegar Of Modena 500 ml,Compliments,Pantry,"Oils, Vinegars & Salad Dressing",Vinegar,other,No reliable aisle rule matched,review
942066,055742549829,Compliments Broth Beef 900 ml,Compliments,Pantry,Canned & Pickled,Canned Meat,6,"Baking, canned goods, soups or crackers",medium
942071,055742549836,Compliments Broth Chicken 900 ml,Compliments,Pantry,Canned & Pickled,Canned Meat,6,"Baking, canned goods, soups or crackers",medium
656008,055742563481,Compliments Canned Petite Cut Stewed Tomatoes Garlic & Olive Oil 540 ml,Compliments,Pantry,Canned & Pickled,Canned Tomatoes,other,No reliable aisle rule matched,review
147787,055742374605,Compliments Canned Tomato Paste 156 ml,Compliments,Pantry,Canned & Pickled,Canned Tomatoes,other,No reliable aisle rule matched,review
147797,055742374636,Compliments Canned Tomato Sauce 680 ml,Compliments,Pantry,"Pasta, Noodles & Sauce",Pasta Sauce,2,"Pasta, Mexican, noodles or aisle-2 frozen specialties",medium
242653,055742507980,Compliments Canola Oil Pure 3 L,Compliments,Pantry,"Oils, Vinegars & Salad Dressing",Canola Oil,other,No reliable aisle rule matched,review
442322,055742357950,Compliments Elbow Pasta Value Size 900 g,Compliments,Pantry,"Pasta, Noodles & Sauce",Dry Pasta & Noodles,2,"Pasta, Mexican, noodles or aisle-2 frozen specialties",medium
237956,055742502367,Compliments Instant Noodles Chicken 65 g,Compliments,Pantry,"Pasta, Noodles & Sauce",Instant Noodles & Pasta Bowls,2,"Pasta, Mexican, noodles or aisle-2 frozen specialties",medium
980771,055742571172,Compliments Instant Oatmeal Maple & Brown Sugar Flavour 344 g,Compliments,Pantry,Cereal & Breakfast Foods,Cereal,5,"Breakfast spreads, hot drinks or shelf-stable beverages",medium
331490,055742521917,Compliments No Salt Added Canned Black Beans 540 ml,Compliments,Pantry,"Rice, Grains & Legumes",Canned Beans,6,"Baking, canned goods, soups or crackers",medium
455885,055742367164,Compliments Organic Peanut Butter Crunchy 500 g,Compliments,Pantry,"Spreads, Syrup & Honey",Nut & Seed Spreads,5,"Breakfast spreads, hot drinks or shelf-stable beverages",medium
429926,055742553444,Compliments Pasta Sauce Original  680 ml,Compliments,Pantry,"Pasta, Noodles & Sauce",Pasta Sauce,2,"Pasta, Mexican, noodles or aisle-2 frozen specialties",medium
465780,055742533583,Compliments Pasteurized White Liquid Honey Bear 375 g,Compliments,Pantry,"Spreads, Syrup & Honey",Honey,5,"Breakfast spreads, hot drinks or shelf-stable beverages",medium
1310564,055742575705,Compliments Plant Based Spread Mayonnaise Type 685 ml,Compliments,Pantry,"Oils, Vinegars & Salad Dressing",Salad Dressing & Ingredients,other,No reliable aisle rule matched,review
409731,055742551433,Compliments Prepared Dijon Mustard Original 325 ml,Compliments,Pantry,Condiments,Mustard,other,No reliable aisle rule matched,review
289980,055742521795,Compliments Pure Natural Liquid Honey 500 g,Compliments,Pantry,"Spreads, Syrup & Honey",Honey,5,"Breakfast spreads, hot drinks or shelf-stable beverages",medium
289982,055742521788,Compliments Pure Naturally Creamed Honey 1 kg,Compliments,Pantry,"Spreads, Syrup & Honey",Honey,5,"Breakfast spreads, hot drinks or shelf-stable beverages",medium
506623,055742348279,Compliments Smooth Peanut Butter 500 g,Compliments,Pantry,"Spreads, Syrup & Honey",Nut & Seed Spreads,5,"Breakfast spreads, hot drinks or shelf-stable beverages",medium
679057,055742545746,Compliments Tomato Ketchup 1 L,Compliments,Pantry,Condiments,Ketchup,other,No reliable aisle rule matched,review
378870,055653684503,Dare Breton Crackers Veggie Bites 200 g,Breton,Pantry,"Crackers, Cookies & Desserts",Crackers,other,No reliable aisle rule matched,review
363163,055653688105,Dare Breton Gluten-Free Crackers Herb & Garlic 135 g,Breton,Pantry,"Crackers, Cookies & Desserts",Crackers,5,"Breakfast spreads, hot drinks or shelf-stable beverages",medium
363162,055653688006,Dare Breton Gluten-Free Crackers Original With Flax 135 g,Breton,Pantry,"Crackers, Cookies & Desserts",Crackers,5,"Breakfast spreads, hot drinks or shelf-stable beverages",medium
1309924,055653639459,Dare Breton Simple Goodness Crackers Sea Salt & Olive Oil 180 g,Breton,Pantry,"Crackers, Cookies & Desserts",Crackers,other,No reliable aisle rule matched,review
915035,056200805020,Frank's Red Hot Sauce Original 354 ml,Frank's Red Hot,Pantry,Condiments,Marinades & Sauces,other,No reliable aisle rule matched,review
72414,"787359100192,087359100193",Fresh Gourmet Croutons Classic Caesar 142 g,Fresh Gourmet,Pantry,Spices & Seasoning,Fresh Fruits & Vegetables,6,"Baking, canned goods, soups or crackers",medium
150296,"787359175541,787359175046",Fresh Gourmet Salad Toppings Tortilla Strips Santa Fe Style 99 g,Fresh Gourmet,Pantry,Spices & Seasoning,Fresh Fruits & Vegetables,2,"Pasta, Mexican, noodles or aisle-2 frozen specialties",medium
329459,057000057534,Heinz Canned Beans Deep-Browned with Tomato Sauce 398 ml,Heinz,Pantry,Canned & Pickled,Canned Baked Beans,6,"Baking, canned goods, soups or crackers",medium
432173,057000006976,Heinz Canned Beans With Molasses & Pork 398 ml,Heinz,Pantry,Canned & Pickled,Canned Baked Beans,6,"Baking, canned goods, soups or crackers",medium
1334769,068100004137,Heinz Mayonnaise Style Sauce Garlic Parmesan 340 ml,Heinz,Pantry,Condiments,,other,No reliable aisle rule matched,review
1334770,068100004144,Heinz Mayonnaise Style Sauce Pickle 340 ml,Heinz,Pantry,Condiments,,other,No reliable aisle rule matched,review
1334768,068100004120,Heinz Mayonnaise Style Sauce Smoky Bacon 340 ml,Heinz,Pantry,Condiments,,other,No reliable aisle rule matched,review
97355,057000132408,Heinz Scooby-Doo Shaped Pasta Whole Grain 398 ml,Heinz,Pantry,"Pasta, Noodles & Sauce",Canned Pasta,2,"Pasta, Mexican, noodles or aisle-2 frozen specialties",medium
176864,057000063085,Heinz Tomato Ketchup 1.5 L,Heinz,Pantry,Condiments,Ketchup,other,No reliable aisle rule matched,review
404479,057000013165,Heinz Tomato Ketchup 750 ml,Heinz,Pantry,Condiments,Ketchup,other,No reliable aisle rule matched,review
247189,057000038557,Heinz Tomato Ketchup Low Sodium 750 ml,Heinz,Pantry,Condiments,Ketchup,other,No reliable aisle rule matched,review
176759,068400662600,Hellmann's Gluten Free Real Mayonnaise 890 ml,Hellmann's,Pantry,Condiments,"Mayonnaise, Aioli & Sandwich Spreads",5,"Breakfast spreads, hot drinks or shelf-stable beverages",medium
176761,068400662709,Hellmann's Gluten-Free Mayonnaise 1/2 The Fat 890 ml,Hellmann's,Pantry,Condiments,"Mayonnaise, Aioli & Sandwich Spreads",5,"Breakfast spreads, hot drinks or shelf-stable beverages",medium
331080,068400004097,Hellmann's Mayonnaise Dressing Mild Chipotle 340 ml,Hellmann's,Pantry,Condiments,"Mayonnaise, Aioli & Sandwich Spreads",other,No reliable aisle rule matched,review
120457,068400616603,Hellmann's Mayonnaise Type Dressing Light ½ Fat 750 ml,Hellmann's,Pantry,Condiments,"Mayonnaise, Aioli & Sandwich Spreads",other,No reliable aisle rule matched,review
386314,068400003021,Hellmann's Vegan Mayonnaise Type Dressing Garlic Aioli 340 ml,Hellmann's,Pantry,Condiments,"Mayonnaise, Aioli & Sandwich Spreads",other,No reliable aisle rule matched,review
973078,058807583950,Hunts Tomato Sauce No Salt Added 680 ml,Hunts,Pantry,"Pasta, Noodles & Sauce",Pasta Sauce,2,"Pasta, Mexican, noodles or aisle-2 frozen specialties",medium
352251,018627114772,Kashi Granola Cacao And Cashew Butter 311 g,Kashi,Pantry,Cereal & Breakfast Foods,Granola,other,No reliable aisle rule matched,review
963740,064100143111,Kellogg Cereal Corn Flakes 600 g,Kellogg,Pantry,Cereal & Breakfast Foods,Cereal,other,No reliable aisle rule matched,review
209099,064100000704,Kellogg's Cereal All Bran Buds & Psyllium 500 g,Kellogg's,Pantry,Cereal & Breakfast Foods,Cereal,other,No reliable aisle rule matched,review
1304934,059724101425,Kellogg's Cereal Raisin Bran 1.01 kg,Kellogg's,Pantry,Cereal & Breakfast Foods,Cereal,other,No reliable aisle rule matched,review
419326,"827809002468,628790000484",Kim Phat Milk Light 6% Coconut 400 ml,Kim Phat,Pantry,Baking & Cooking Ingredients,International Foods,6,"Baking, canned goods, soups or crackers",medium
419197,628790000163,Kim Phat Soy Sauce Dark 500 ml,Kim Phat,Pantry,Condiments,International Foods,other,No reliable aisle rule matched,review
331289,068400003984,Knorr Pasta Sides Buffalo Chicken Flavour For A Delicious + Quick Side Dish 121 g,Knorr,Pantry,"Pasta, Noodles & Sauce",Pasta Sides,2,"Pasta, Mexican, noodles or aisle-2 frozen specialties",medium
43600,068400003908,Knorr Rice Cup 3 Cheese Mushroom Risotto 73 g,Knorr,Pantry,"Pasta, Noodles & Sauce",Pasta Sides,2,"Pasta, Mexican, noodles or aisle-2 frozen specialties",medium
43602,068400003885,Knorr Rice Cup Chicken Flavoured Fried Rice Delicious Rice Dish 73 g,Knorr,Pantry,"Pasta, Noodles & Sauce",Pasta Sides,2,"Pasta, Mexican, noodles or aisle-2 frozen specialties",medium
87820,068400018865,Knorr Sidekicks Pasta Side Dish Creamy Parmesan 124 g,Knorr,Pantry,"Pasta, Noodles & Sauce",Pasta Sides,2,"Pasta, Mexican, noodles or aisle-2 frozen specialties",medium
87821,068400018889,Knorr Sidekicks Pasta Side dish Chicken 126 g,Knorr,Pantry,"Pasta, Noodles & Sauce",Pasta Sides,2,"Pasta, Mexican, noodles or aisle-2 frozen specialties",medium
435942,068100084665,Kraft Peanut Butter Only Peanuts All Natural Smooth 750 g,Kraft,Pantry,"Spreads, Syrup & Honey",Nut & Seed Spreads,5,"Breakfast spreads, hot drinks or shelf-stable beverages",medium
87105,068100058581,Kraft Velveeta Pasta And Sauce On Shells 350 g,Kraft,Pantry,"Pasta, Noodles & Sauce",Pasta Sides,2,"Pasta, Mexican, noodles or aisle-2 frozen specialties",medium
507629,770869000021,Mandarin Shanghai Noodles 454 g,Mandarin Noodle,Pantry,"Pasta, Noodles & Sauce",Dry Pasta & Noodles,2,"Pasta, Mexican, noodles or aisle-2 frozen specialties",medium
957075,876131003025,Martelli Pasta Potato Gnocchi 1 kg,Martelli,Pantry,"Pasta, Noodles & Sauce",Dry Pasta & Noodles,2,"Pasta, Mexican, noodles or aisle-2 frozen specialties",medium
165799,761720985199,Mazola Canola Oil 2.84 L,Mazola,Pantry,"Oils, Vinegars & Salad Dressing",Canola Oil,other,No reliable aisle rule matched,review
304008,059100008669,Minute Rice Fried Rice Fully Cooked 2 x 125 g,Minute Rice,Pantry,Easy Prep Meals & Sides,"Rice, Grains & Legumes",other,No reliable aisle rule matched,review
353575,059100010006,Minute Rice Jasmine Rice 500 g,Minute Rice,Pantry,"Rice, Grains & Legumes",Dry Rice,1,International foods and rice,medium
166816,059100008409,Minute Rice Whole Grain Brown Rice 1.2 kg,Minute Rice,Pantry,"Rice, Grains & Legumes",Dry Rice,other,No reliable aisle rule matched,review
87862,059491000600,Mr. Noodles Instant Noodles Oriental 85 g,Mr. Noodles,Pantry,"Pasta, Noodles & Sauce",Instant Noodles & Pasta Bowls,2,"Pasta, Mexican, noodles or aisle-2 frozen specialties",medium
87863,059491000204,Mr. Noodles Instant Noodles Vegetable 85 g,Mr. Noodles,Pantry,"Pasta, Noodles & Sauce",Instant Noodles & Pasta Bowls,2,"Pasta, Mexican, noodles or aisle-2 frozen specialties",medium
88223,058449779018,Nature's Path Gluten-Free Cereal Mesa Sunrise Value Size 750 g,Nature's Path,Pantry,Cereal & Breakfast Foods,Cereal,5,"Breakfast spreads, hot drinks or shelf-stable beverages",medium
1417077,065633234673,Nestle Nesquik Cereal 521 g,Nesquick,Pantry,Cereal & Breakfast Foods,Cereal,other,No reliable aisle rule matched,review
502141,065633158160,Oatmeal Crisp Cereal Almond High Fibre Family Size 628 g,General Mills,Pantry,Cereal & Breakfast Foods,Cereal,5,"Breakfast spreads, hot drinks or shelf-stable beverages",medium
1331960,065633230798,Oatmeal Crisp Cereal Protein Apple Crisp 455 g,Oatmeal Crisp,Pantry,Cereal & Breakfast Foods,Cereal,5,"Breakfast spreads, hot drinks or shelf-stable beverages",medium
1331965,065633230743,Oatmeal Crisp Cereal Protein Vanilla 455 g,Oatmeal Crisp,Pantry,Cereal & Breakfast Foods,Cereal,5,"Breakfast spreads, hot drinks or shelf-stable beverages",medium
502144,065633158184,Oatmeal Crisp Cereal Triple Berry High Fibre Family Size 570 g,Oatmeal Crisp,Pantry,Cereal & Breakfast Foods,Cereal,5,"Breakfast spreads, hot drinks or shelf-stable beverages",medium
677606,058441500146,Olivieri Skillet Gnocchi 700 g,Olivieri,Pantry,"Pasta, Noodles & Sauce",Fresh Pasta,2,"Pasta, Mexican, noodles or aisle-2 frozen specialties",medium
444512,014100083221,Pepperidge Farm Goldfish Crackers Flavour Blasted Salt & Vinegar 180 g,Pepperidge Farm,Pantry,"Crackers, Cookies & Desserts",Crackers,other,No reliable aisle rule matched,review
418756,055577113028,Quaker Instant Oatmeal Maple Brown Sugar 344 g,Quaker,Pantry,Cereal & Breakfast Foods,Oatmeal,5,"Breakfast spreads, hot drinks or shelf-stable beverages",medium
217510,055577101018,Quaker Old Fashioned Large Flake Oats 1 kg,Quaker,Pantry,Cereal & Breakfast Foods,Oatmeal,5,"Breakfast spreads, hot drinks or shelf-stable beverages",medium
217560,055577101100,Quaker Quick Oats 100% Whole Grain 1 kg,Quaker,Pantry,Cereal & Breakfast Foods,Oatmeal,5,"Breakfast spreads, hot drinks or shelf-stable beverages",medium
811407,065633132856,Reese's Puffs Cereal Peanut Butter Chocolate Whole Grains 326 g,Reese's,Pantry,Cereal & Breakfast Foods,Cereal,9,"Snack, candy or soft drink",medium
488579,066542700174,Reinhart's Apple Cider Vinegar 500 ml,Reinhart,Pantry,"Oils, Vinegars & Salad Dressing",Vinegar,other,No reliable aisle rule matched,review
20194,066721028389,Ritz Crackers Bacon Dippers Smoky Bacon 180 g,Ritz,Pantry,"Crackers, Cookies & Desserts",Crackers,other,No reliable aisle rule matched,review
19784,066721028655,Ritz Crackers Cheese Bits 180 g,Ritz,Pantry,"Crackers, Cookies & Desserts",Crackers,other,No reliable aisle rule matched,review
20193,066721028600,Ritz Crackers Swiss Cheese 180 g,Ritz,Pantry,"Crackers, Cookies & Desserts",Crackers,other,No reliable aisle rule matched,review
96540,059000016320,Robin Hood All Purpose Flour Original 1 kg,Robin Hood,Pantry,Baking & Cooking Ingredients,Flour,6,"Baking, canned goods, soups or crackers",medium
863597,078935005186,Ryvita Vegan Rye Crispbread Sesame Rye 250 g,Ryvita,Pantry,"Crackers, Cookies & Desserts",Crackers,other,No reliable aisle rule matched,review
915602,067800002276,Unico Canned Tomatoes 796 ml,Unico,Pantry,Canned & Pickled,Canned Tomatoes,other,No reliable aisle rule matched,review
353632,067800002818,Unico Red Kidney Beans No Salt Added 540 ml,Unico,Pantry,"Rice, Grains & Legumes",Canned Beans,6,"Baking, canned goods, soups or crackers",medium
20185,066721028358,Vegetable Thins Crackers 180 g,Wheat Thins,Pantry,"Crackers, Cookies & Desserts",Crackers,other,No reliable aisle rule matched,review
20186,066721028433,Wheat Thins Crackers Multigrain 180 g,Fins Au Blé,Pantry,"Crackers, Cookies & Desserts",Crackers,other,No reliable aisle rule matched,review
20189,066721028426,Wheat Thins Crackers Original 180 g,Wheat Thins,Pantry,"Crackers, Cookies & Desserts",Crackers,other,No reliable aisle rule matched,review
1331868,030772159491,Always Infinity Pads Regular Unscented 18 Count,Always,Personal Care & Beauty,Feminine Products,Pads,8,Cleaning and personal care,high
252489,037000179023,Always Maxi Pads Extra Heavy Flow With Wings Size 5 20 Count,Always,Personal Care & Beauty,Feminine Products,Pads,8,Cleaning and personal care,high
24581,037000979494,Always Pads Ultra Thin Extra Heavy Over Night 46 EA,Always,Personal Care & Beauty,Feminine Products,Pads,8,Cleaning and personal care,high
15986,037000890287,Always Pads With Wings Thick Over Night 26 Count,Always,Personal Care & Beauty,Feminine Products,Pads,8,Cleaning and personal care,high
659069,037000306597,Always Ultra Thin Long Pads Size 2 With Wings 32 Count,Always,Personal Care & Beauty,Feminine Products,Pads,8,Cleaning and personal care,high
676932,037000255406,Always Ultra Thin Overnight Pads Size 4 With Wings 50 Count,Always,Personal Care & Beauty,Feminine Products,Pads,8,Cleaning and personal care,high
32343,381370036012,Aveeno Daily Moisturizing Body Lotion Unscented 227 ml,Aveeno,Personal Care & Beauty,"Body, Skin & Lip Care",Body Moisturizer,8,Cleaning and personal care,high
958328,011111240919,Axe Body Wash Excite Crisp Coconut & Black Pepper 473 ml,Axe,Personal Care & Beauty,Shaving & Grooming,Men's Shaving & Grooming,8,Cleaning and personal care,high
958329,011111240933,Axe Body Wash Phoenix Crushed Mint & Rosemary 473 ml,Axe,Personal Care & Beauty,Shaving & Grooming,Men's Shaving & Grooming,8,Cleaning and personal care,high
300432,079400197474,Axe Deodorant Body Spray Anarchy Dark Pomegranate & Sandalwood 113 g,Axe,Personal Care & Beauty,Deodorant & Antiperspirant,Men's deodorant,8,Cleaning and personal care,high
963388,079400489142,Axe Deodorant Bodyspray Cool Ocean Sea Mist & Grapefruit 113 g,Axe,Personal Care & Beauty,Deodorant & Antiperspirant,Men's deodorant,8,Cleaning and personal care,high
454713,079400534309,Axe Deodorant Phoenix Crushed Mint & Rosemary 85 g,Axe,Personal Care & Beauty,Deodorant & Antiperspirant,Men's deodorant,8,Cleaning and personal care,high
963380,079400469694,Axe Deodorant Stick Cool Ocean Long Lasting Odour Protection 85 g,AXE,Personal Care & Beauty,Deodorant & Antiperspirant,Men's deodorant,8,Cleaning and personal care,high
430694,"041388316000,041388000060",Blistex Medicated Lip Condition 7 g,Blistex,Personal Care & Beauty,"Body, Skin & Lip Care",Lip Care,8,Cleaning and personal care,high
630160,041388220611,Blistex Regular Lip Balm 4.25 g,Blistex,Personal Care & Beauty,"Body, Skin & Lip Care",Lip Care,8,Cleaning and personal care,high
459199,058000009158,Colgate Fluoride Toothpaste For Kids 75 ml,Colgate,Personal Care & Beauty,Oral Care,Toothpaste,8,Cleaning and personal care,high
426869,058000142312,Colgate Maxfresh Toothpaste Cool Mint 3 x 150 ml,Colgate,Personal Care & Beauty,Oral Care,Toothpaste,8,Cleaning and personal care,high
254568,058000308763,Colgate Toothbrush Extra Clean Soft,Colgate,Personal Care & Beauty,Oral Care,Toothbrushes,8,Cleaning and personal care,high
501312,035000972620,Colgate Toothpaste Optic White Advanced Sparkling White 73 ml,Colgate,Personal Care & Beauty,Oral Care,Toothpaste,8,Cleaning and personal care,high
1309348,827854018834,Colgate Total Toothbrush Foaming Clean Soft 1 Count,Colgate,Personal Care & Beauty,Oral Care,Toothbrushes,8,Cleaning and personal care,high
949820,058000142411,Colgate Total Toothpaste Clean Mint 70 ml,Colgate,Personal Care & Beauty,Oral Care,Toothpaste,8,Cleaning and personal care,high
226934,055742387742,Compliments Essence Conditioner Moisturizing Orchid & Coconut Milk 300 ml,Compliments,Personal Care & Beauty,Hair Care,Conditioner,8,Cleaning and personal care,high
226929,055742387711,Compliments Essence Volumizing Shampoo White Nectarine 300 ml,Compliments,Personal Care & Beauty,Hair Care,Shampoo,8,Cleaning and personal care,high
451017,055742364866,Compliments Gel Hand Sanitizer 236 ml,Compliments,Personal Care & Beauty,"Soap, Bath & Shower",Pharmacy & Wellness,8,Cleaning and personal care,high
294049,055742522211,Compliments Hand Sanitizer 59 ml,Compliments,Personal Care & Beauty,"Soap, Bath & Shower",Pharmacy & Wellness,8,Cleaning and personal care,high
474822,055742533781,Compliments Liquid Hand Soap Watermelon 340 ml,Compliments,Personal Care & Beauty,"Soap, Bath & Shower",Hand Soap,8,Cleaning and personal care,high
445597,055742339840,Compliments Regular Nail Polish Remover 300 ml,Compliments,Personal Care & Beauty,"Body, Skin & Lip Care",Nail Care,8,Cleaning and personal care,high
438796,055742353808,Compliments Toothbrush Cross Angled Medium,Compliments,Personal Care & Beauty,Oral Care,Toothbrushes,8,Cleaning and personal care,high
661637,055742565614,Compliments Vit E Sanitizing Gel 946 ml,Compliments,Personal Care & Beauty,"Soap, Bath & Shower",Pharmacy & Wellness,8,Cleaning and personal care,high
447979,055742360035,Compliments Waxed Floss Mint 100 Yards 91.44 m,Compliments,Personal Care & Beauty,Oral Care,Dental Floss,8,Cleaning and personal care,high
42876,068459966971,Conair Brush and Comb Kids Rubber Grip 1 Count,Conair,Personal Care & Beauty,Hair Care,Hair Styling & Accessories,8,Cleaning and personal care,high
33124,030772066287,Crest 3D White Brilliance Toothpaste Vibrant Peppermint 85 ml,Crest,Personal Care & Beauty,Oral Care,Toothpaste,8,Cleaning and personal care,high
2945,030772053829,Crest 3D White Tooth Paste Arctic Fresh 135 ml,Crest,Personal Care & Beauty,Oral Care,Toothpaste,8,Cleaning and personal care,high
175282,056100024019,Crest Pro-Health Multi-Protection Alcohol Free Mouthwash Clean Mint 1 L,Crest,Personal Care & Beauty,Oral Care,Mouthwash,8,Cleaning and personal care,high
657116,056100082941,Crest Toothpaste Extra Whitening Clean Mint 120 ml,Crest,Personal Care & Beauty,Oral Care,Toothpaste,8,Cleaning and personal care,high
656471,056100082958,Crest Toothpaste Whiten Plus Scope 120 ml,Crest,Personal Care & Beauty,Oral Care,Toothpaste,8,Cleaning and personal care,high
662383,079400536877,Dove Advanced Care Antiperspirant Stick Coconut 48 Hour Protection 45 g,Dove,Personal Care & Beauty,Deodorant & Antiperspirant,Women's deodorant,8,Cleaning and personal care,high
374235,079400365361,Dove Advanced Care Antiperspirant Stick Shea Butter 48 H Protection 45 g,Dove,Personal Care & Beauty,Deodorant & Antiperspirant,Women's deodorant,8,Cleaning and personal care,high
476594,079400446077,Dove Advanced Care Cool Essentials Deodorant For Women Dry Spray 107 g,Dove,Personal Care & Beauty,Deodorant & Antiperspirant,Women's deodorant,8,Cleaning and personal care,high
265546,055086602679,Dove Antiperspirant Stick For 24H Protection With 1/4 Moisturizers Powder 74 g,Dove,Personal Care & Beauty,Deodorant & Antiperspirant,Women's deodorant,8,Cleaning and personal care,high
530642,011111016163,Dove Beauty Bar Fragrance Free Sensitive Skin ¼ Moisturizing Cream 3 x 106 g,Dove,Personal Care & Beauty,"Soap, Bath & Shower",Bar Soap,8,Cleaning and personal care,high
530741,011111016101,Dove Beauty Bar Gentle Skin Cleanser Shea Butter 3 x 106 g,Dove,Personal Care & Beauty,"Soap, Bath & Shower",Bar Soap,8,Cleaning and personal care,high
4021,011111045088,Dove Body Wash Deep Moisture 325 ml,Dove,Personal Care & Beauty,Shaving & Grooming,Women's Hair Removal,8,Cleaning and personal care,high
1320497,011111056800,Dove Men +Care Body Wash With Pump Extra Fresh 710 ml,Dove,Personal Care & Beauty,Shaving & Grooming,Women's Hair Removal,8,Cleaning and personal care,high
530238,011111016194,Dove Men+Care Bar Soap Body & Face Extra Fresh 3 x 106 g,Dove Men+Care,Personal Care & Beauty,"Soap, Bath & Shower",Bar Soap,8,Cleaning and personal care,high
8671,079400072177,Dove Men+Care Deodorant Stick Aluminum-Free Extra Fresh 85 g,Dove Men+Care,Personal Care & Beauty,Deodorant & Antiperspirant,Men's deodorant,8,Cleaning and personal care,high
8708,079400072160,Dove Men+Care Deodorant Stick Clean Comfort Aluminum-Free 85 g,Dove Men+Care,Personal Care & Beauty,Deodorant & Antiperspirant,Men's deodorant,8,Cleaning and personal care,high
3992,011111042957,Dove Restoring Body Wash Coconut & Cocoa Butters For Healthy-Looking Skin 325 ml,Dove,Personal Care & Beauty,Shaving & Grooming,Women's Hair Removal,8,Cleaning and personal care,high
530634,011111016118,Dove Revive Beauty Bar Pomegranate And Lemon Verbena 3 x 106 g,Dove,Personal Care & Beauty,"Soap, Bath & Shower",Bar Soap,8,Cleaning and personal care,high
4005,011111045071,Dove Sensitive Skin Body Wash Hypoallergenic For Healthy-Looking Skin 325 ml,Dove,Personal Care & Beauty,Shaving & Grooming,Women's Hair Removal,8,Cleaning and personal care,high
270429,841058005285,Edge Ultra Sensitive Skin Shave Gel Unscented 198 g,Edge,Personal Care & Beauty,Shaving & Grooming,Men's Shaving & Grooming,8,Cleaning and personal care,high
169874,067990500293,Finesse Firm Hold Aerosol Hairspray Unscented 300 ml,Finesse,Personal Care & Beauty,Hair Care,Hair Styling & Accessories,8,Cleaning and personal care,high
624703,603084459490,Garnier Whole Blends Shampoo Honey Treasure 370 ml,Garnier,Personal Care & Beauty,Hair Care,Shampoo,8,Cleaning and personal care,high
70529,047400188082,Gillette After Shave Gel For Sensitive Skin 75 ml,Gillette,Personal Care & Beauty,Shaving & Grooming,Men's Shaving & Grooming,8,Cleaning and personal care,high
177522,047400044722,Gillette Mach 3 Men’s Disposable Razor 3 Pack,Gillette,Personal Care & Beauty,Shaving & Grooming,Men's Shaving & Grooming,8,Cleaning and personal care,high
42831,068459967329,Goody Matte Square 2Pk Claw Clips,Goody,Personal Care & Beauty,Hair Care,Hair Styling & Accessories,8,Cleaning and personal care,high
5649,030772064092,Head & Shoulders Shampoo Classic Clean 835 ml,Head & Shoulders,Personal Care & Beauty,Hair Care,Shampoo,8,Cleaning and personal care,high
332410,035000141255,Irish Spring Icy Blast Bar Soap 3 EA,Irish Spring,Personal Care & Beauty,"Soap, Bath & Shower",Body Wash,8,Cleaning and personal care,high
1412763,036000582291,Kotex Ultra Thin Overnight Pads With Wings Heavy Absorbency 16 Count,Kotex,Personal Care & Beauty,Feminine Products,Pads,8,Cleaning and personal care,high
141571,058000006928,Lady Speed Stick Antiperspirant Invisible Powder Fresh 70 g,Lady Speed Stick,Personal Care & Beauty,Deodorant & Antiperspirant,Women's deodorant,8,Cleaning and personal care,high
477814,058000009271,Mennen Speed Stick Deodorant Ocean Surf 85 g,Mennen,Personal Care & Beauty,Deodorant & Antiperspirant,Men's deodorant,8,Cleaning and personal care,high
223879,058000007727,Mennen Speed Stick Glacier Deodorant 85 g,Mennen,Personal Care & Beauty,Deodorant & Antiperspirant,Men's deodorant,8,Cleaning and personal care,high
13890,812154034950,Native Body Wash Citrus & Herbal Musk 532 ml,Native,Personal Care & Beauty,Shaving & Grooming,Women's Hair Removal,8,Cleaning and personal care,high
8628,812154036350,Native Shampoo Almond & Shea Butter 487 ml,Native,Personal Care & Beauty,Hair Care,Shampoo,8,Cleaning and personal care,high
267939,056594002944,Nivea Invisible Black & White Roll On Antiperspirant 50 ml,Nivea,Personal Care & Beauty,Deodorant & Antiperspirant,Women's deodorant,8,Cleaning and personal care,high
474699,056594008632,Nivea Men Shower Gel Active Clean 500 ml,Nivea,Personal Care & Beauty,Shaving & Grooming,Men's Shaving & Grooming,8,Cleaning and personal care,high
73274,072140813062,Nivea Men's After Shave Balm For Sensitive Skin 100 ml,Nivea,Personal Care & Beauty,Shaving & Grooming,Men's Shaving & Grooming,8,Cleaning and personal care,high
73235,072140817404,Nivea Men's Shaving Gel Sensitive Skin 198 g,Nivea,Personal Care & Beauty,Shaving & Grooming,Men's Shaving & Grooming,8,Cleaning and personal care,high
90538,"072140890506,056594004153",Nivea Moisturizing Soft Cream 200 ml,Nivea,Personal Care & Beauty,"Body, Skin & Lip Care",Face Moisturizer,8,Cleaning and personal care,high
458843,056594007659,Nivea Pure Roll On Antiperspirant Invisible Black & White White Blossom 50 ml,Nivea,Personal Care & Beauty,Deodorant & Antiperspirant,Women's deodorant,8,Cleaning and personal care,high
11246,030772060117,Olay Body Wash Collagen Peptide 591 ml,Olay,Personal Care & Beauty,Shaving & Grooming,Women's Hair Removal,8,Cleaning and personal care,high
397134,012044389805,Old Spice Fresh Collection Fiji With Palm Tree Deodorant 85 g,Old Spice,Personal Care & Beauty,Deodorant & Antiperspirant,Men's deodorant,8,Cleaning and personal care,high
267794,037000123538,Old Spice Hair & Body Wash High Endurance 3 In 1 Conditioning 532 ml,Old Spice,Personal Care & Beauty,Shaving & Grooming,Men's Shaving & Grooming,8,Cleaning and personal care,high
755035,037000733942,Old Spice Red Collection Deodorant Captain 85 g,Old Spice,Personal Care & Beauty,Deodorant & Antiperspirant,Men's deodorant,8,Cleaning and personal care,high
358764,012044039854,Old Spice Red Zone Swagger Deodorant 73 g,Old Spice,Personal Care & Beauty,Deodorant & Antiperspirant,Men's deodorant,8,Cleaning and personal care,high
226476,065743241356,One Step Pump Hand Sanitizer Family Size 473 ml,One Step,Personal Care & Beauty,"Soap, Bath & Shower",Pharmacy & Wellness,8,Cleaning and personal care,high
866014,080878194964,Pantene Conditioner Smooth & Sleek 308 ml,Pantene,Personal Care & Beauty,Hair Care,Conditioner,8,Cleaning and personal care,high
335459,036000553871,Poise Adult Incontinence Liner Regular 50 Count,Poise,Personal Care & Beauty,Feminine Products,Liners,8,Cleaning and personal care,high
415600,036000192025,Poise Light Absorbency Pads Regular Length 30 Count,Poise,Personal Care & Beauty,Feminine Products,Pads,8,Cleaning and personal care,high
396652,036000199062,Poise Light Absorption Pads Long Length Without Wings 24 Count,Poise,Personal Care & Beauty,Feminine Products,Pads,8,Cleaning and personal care,high
304411,036000335941,Poise Maximum Absorption Pads Regular length 48 Count,Poise,Personal Care & Beauty,Feminine Products,Pads,8,Cleaning and personal care,high
304405,036000335903,Poise Moderate Bladder Protection Pads Long Length 54 Count,Poise,Personal Care & Beauty,Feminine Products,Pads,8,Cleaning and personal care,high
304408,036000335583,Poise Moderate Bladder Protection Pads Regular Length 66 Count,Poise,Personal Care & Beauty,Feminine Products,Pads,8,Cleaning and personal care,high
448605,036000193046,Poise Panty Liners Very Light Absorbency Long Length 44 Count,Poise,Personal Care & Beauty,Feminine Products,Liners,8,Cleaning and personal care,high
289677,036000133332,Poise Panty Liners Very Light Absorption Regular Length 48 Count,Poise,Personal Care & Beauty,Feminine Products,Liners,8,Cleaning and personal care,high
304415,036000335927,Poise Ultimate Absorption Pads Regular Length 33 Count,Poise,Personal Care & Beauty,Feminine Products,Pads,8,Cleaning and personal care,high
571636,036000513974,Poise Ultra Thin Pads Moderate Absorbency Regular 60 Count,Poise,Personal Care & Beauty,Feminine Products,Pads,8,Cleaning and personal care,high
373106,060815042930,Poligrip Strong Hold Denture Adhesive 40 g,Poligrip,Personal Care & Beauty,Oral Care,Denture Care,8,Cleaning and personal care,high
42873,068459967268,Scunci Clear Claw Clip,Scunci,Personal Care & Beauty,Hair Care,Hair Styling & Accessories,8,Cleaning and personal care,high
42882,043194397037,Scunci Polyband Blk 300Pk Elastics,Scunci,Personal Care & Beauty,Hair Care,Hair Styling & Accessories,8,Cleaning and personal care,high
42884,068459967237,Scunci Snap Clip Mixed Black Brown 10 Pack,Scunci,Personal Care & Beauty,Hair Care,Hair Styling & Accessories,8,Cleaning and personal care,high
666146,069682257003,Sensodyne Fluoride Toothpaste Fresh Mint 100 ml,Sensodyne,Personal Care & Beauty,Oral Care,Toothpaste,8,Cleaning and personal care,high
448738,060815030180,Sensodyne Toothpaste Brilliant Whitening Foam 100 ml,Sensodyne,Personal Care & Beauty,Oral Care,Toothpaste,8,Cleaning and personal care,high
414209,060815030166,Sensodyne Ultra Fresh Foam Toothpaste 100 ml,Sensodyne,Personal Care & Beauty,Oral Care,Toothpaste,8,Cleaning and personal care,high
1319469,827854019213,Softsoap Body Wash Innovation Coconut 591 ml,Softsoap,Personal Care & Beauty,Shaving & Grooming,Women's Hair Removal,8,Cleaning and personal care,high
1319878,827854019176,Softsoap Body Wash Innovation Creamy Strawberry 591 ml,SoftSoap,Personal Care & Beauty,Shaving & Grooming,Women's Hair Removal,8,Cleaning and personal care,high
506824,074182473402,Softsoap Body Wash Vanilla & Jojoba Oil 591 ml,Softsoap,Personal Care & Beauty,Shaving & Grooming,Women's Hair Removal,8,Cleaning and personal care,high
506832,074182473396,Softsoap Body Wash With Shea & Almond Oil 591 ml,Softsoap,Personal Care & Beauty,Shaving & Grooming,Women's Hair Removal,8,Cleaning and personal care,high
955680,074182459925,Softsoap Liquid Hand Soap Aloe Vera Fresh 1.47 L,Softsoap,Personal Care & Beauty,"Soap, Bath & Shower",Hand Soap,8,Cleaning and personal care,high
1319520,827854019138,Softsoap Liquid Hand Soap Energized 332 ml,Soft Soap,Personal Care & Beauty,"Soap, Bath & Shower",Hand Soap,8,Cleaning and personal care,high
955354,074182459932,Softsoap Liquid Hand Soap Refill Aquarium 1.47 L,Softsoap,Personal Care & Beauty,"Soap, Bath & Shower",Hand Soap,8,Cleaning and personal care,high
282731,058000008571,Speed Stick Antiperspirant Plus For Men Original 85 g,Speed Stick,Personal Care & Beauty,Deodorant & Antiperspirant,Men's deodorant,8,Cleaning and personal care,high
282738,058000008564,Speed Stick Men's Antiperspirant Unscented  85 g,Mennen Speed Stick,Personal Care & Beauty,Deodorant & Antiperspirant,Men's deodorant,8,Cleaning and personal care,high
955627,055451000987,TRESemmé PRO Style Tech Conditioner Silky & Smooth + Argan Oleo Blend 828 ml,TRESemmé,Personal Care & Beauty,Hair Care,Conditioner,8,Cleaning and personal care,high
415438,055451787109,TRESemmé Pro Lock Tech Hairspray Extra Hold 311 g,TRESemmé,Personal Care & Beauty,Hair Care,Hair Styling & Accessories,8,Cleaning and personal care,high
252491,073010012172,Tampax Pearl Tampons Super Plus Unscented  36 Count,Tampax,Personal Care & Beauty,Feminine Products,Tampons & Menstrual Cups,8,Cleaning and personal care,high
447020,065656915238,Vaseline Intensive Care Advanced Body Lotion Repair Unscented 600 ml,Vaseline,Personal Care & Beauty,"Body, Skin & Lip Care",Body Moisturizer,8,Cleaning and personal care,high
36502,065656917126,Vaseline Intensive Care Body Lotion Cocoa Radiant 600 ml,Vaseline,Personal Care & Beauty,"Body, Skin & Lip Care",Body Moisturizer,8,Cleaning and personal care,high
281859,065656190451,Vaseline Men 3in1 Body Face & Hands Fast Absorbing Body Lotion 600 ml,Vaseline,Personal Care & Beauty,"Body, Skin & Lip Care",Body Moisturizer,8,Cleaning and personal care,high
616351,065333002107,Arm & Hammer Cat Litter Deodorizer 500 g,Arm & Hammer,Pets,Cat Food & Accessories,Cat Litter,7,Pet supplies,high
1319523,055800479792,Beggin' Strips Dog Food Stix Bacon & Cheese 708 g,Beggin' Strips,Pets,Dog Food & Accessories,Dry Dog Food,7,Pet supplies,high
224967,055800000897,Beneful IncrediBites Wet Dog Food Real Chicken In Gravy 85 g,Beneful,Pets,Dog Food & Accessories,Dry Dog Food,7,Pet supplies,high
233681,055800132338,Beneful Incredibites Dry Dog Food Real Beef 1.6 kg,Purina Beneful,Pets,Dog Food & Accessories,Dry Dog Food,7,Pet supplies,high
692453,055800343482,Beneful Originals Dry Dog Food Real Beef 7 kg,Beneful,Pets,Dog Food & Accessories,Dry Dog Food,7,Pet supplies,high
422788,055800034816,Beneful Originals Dry Dog Food Real Chicken 1.8 kg,Beneful,Pets,Dog Food & Accessories,Dry Dog Food,7,Pet supplies,high
371304,835302000218,Caledon Farms All Natural Dog Treats Beef Liver Bites 150 g,Caledon Farms,Pets,Dog Food & Accessories,Dog Treats,7,Pet supplies,high
371306,835302000232,Caledon Farms Dog Treats Sweet Potato Chews 265 g,Caledon Farms,Pets,Dog Food & Accessories,Dog Treats,7,Pet supplies,high
292852,055800451590,Cat Chow Complete Dry Cat Food Real Chicken 2 kg,Cat Chow,Pets,Cat Food & Accessories,Dry Cat Food,7,Pet supplies,high
433392,055800101228,Cat Chow Dry Cat Food Indoor with Real Chicken 1.6 kg,Cat Chow,Pets,Cat Food & Accessories,Dry Cat Food,7,Pet supplies,high
298800,058496723255,Cesar Classic Loaf In Sauce Beef Adult Wet Dog Food 100 g,Cesar,Pets,Dog Food & Accessories,Wet Dog Food,7,Pet supplies,high
784425,055742565720,Compliments Cat Food Salmon Dinner Pate 85 g,Compliments,Pets,Cat Food & Accessories,Wet Cat Food,7,Pet supplies,high
578890,055742541052,Compliments Cat Litter Multi-Cat Scoopable Unscented 7 kg,Compliments,Pets,Cat Food & Accessories,Cat Litter,7,Pet supplies,high
239279,"055742508741,055742508765",Compliments Cat Litter Scoopable Unscented 15 kg,Compliments,Pets,Cat Food & Accessories,Cat Litter,7,Pet supplies,high
578888,055742541045,Compliments Cat Litter Scoopable Unscented 7 kg,Compliments,Pets,Cat Food & Accessories,Cat Litter,7,Pet supplies,high
1301504,055742577679,Compliments Dog Dental Sticks Chicken 400 g,Compliments,Pets,Dog Food & Accessories,Dog Treats,7,Pet supplies,high
784689,055742565980,Compliments Dog Food Wet Beef Cuts in Gravy 624 g,Compliments,Pets,Dog Food & Accessories,Wet Dog Food,7,Pet supplies,high
657544,055742564082,Compliments Dry Cat Food Chicken & Salmon 2 kg,Compliments,Pets,Cat Food & Accessories,Dry Cat Food,7,Pet supplies,high
784427,055742565768,Compliments Wet Cat Food Pate Ocean White Fish & Tuna Dinner 85 g,Compliments,Pets,Cat Food & Accessories,Wet Cat Food,7,Pet supplies,high
865379,055742565928,Compliments Wet Dog Food Beef & Turkey Variety Pack 12 x 100 g,Compliments,Pets,Dog Food & Accessories,Wet Dog Food,7,Pet supplies,high
1394249,055800548658,Fancy Feast Broths Wet Cat Food Classic Collection Variety Pack 6 x 40 g,Fancy Feast,Pets,Cat Food & Accessories,Wet Cat Food,7,Pet supplies,high
1394201,055800551238,Fancy Feast Gems Wet Cat Food Mousse Paté With Salmon 2 x 57 g,Fancy Feast,Pets,Cat Food & Accessories,Wet Cat Food,7,Pet supplies,high
1394253,055800550682,Fancy Feast Gems Wet Cat Food Mousse Paté With Tuna 2 x 57 g,Fancy Feast,Pets,Cat Food & Accessories,Wet Cat Food,7,Pet supplies,high
681571,055800000668,Fancy Feast Petites Wet Cat Food Ocean Whitefish Entre in Gravy 79.4 g,Fancy Feast,Pets,Cat Food & Accessories,Wet Cat Food,7,Pet supplies,high
103673,050000005130,Fancy Feast Wet Cat Food Grilled Chicken Feast in Gravy 85 g,Fancy Feast,Pets,Cat Food & Accessories,Wet Cat Food,7,Pet supplies,high
304204,065000008883,Fancy Feast Wet Cat Food Pate Beef Flavour 85 g,Fancy Feast,Pets,Cat Food & Accessories,Wet Cat Food,7,Pet supplies,high
292161,065000002508,Fancy Feast Wet Cat Food Pate Tender Chicken & Liver Feast 85 g,Fancy Feast,Pets,Cat Food & Accessories,Wet Cat Food,7,Pet supplies,high
219631,065000004298,Fancy Feast Wet Cat Food Pâté Chicken Feast 85 g,Fancy Feast,Pets,Cat Food & Accessories,Wet Cat Food,7,Pet supplies,high
498736,055800248404,Friskies 7 Dry Cat Food Seven Favourite Flavours 1.42 kg,Friskies,Pets,Cat Food & Accessories,Dry Cat Food,7,Pet supplies,high
292167,056366222020,Friskies Chef's Blend Dry Cat Food Assorted Flavours 1.5 kg,Friskies,Pets,Cat Food & Accessories,Dry Cat Food,7,Pet supplies,high
359994,055800223920,Friskies Chef's Blend Dry Cat Food Assorted Flavours 7.5 kg,Friskies,Pets,Cat Food & Accessories,Dry Cat Food,7,Pet supplies,high
1394202,055800503640,"Friskies Dry Cat Food Chicken, Salmon, Peas & Carrots 1.42 kg",Friskies,Pets,Cat Food & Accessories,Wet Cat Food,7,Pet supplies,high
485038,055800209962,Friskies Wet Cat Food  Extra Gravy Chunky with Salmon 156 g,Friskies,Pets,Cat Food & Accessories,Wet Cat Food,7,Pet supplies,high
207015,056366115797,Friskies Wet Cat Food  Pâté Turkey & Giblets Dinner 156 g,Friskies,Pets,Cat Food & Accessories,Wet Cat Food,7,Pet supplies,high
162566,055800114624,Friskies Wet Cat Food  Shredded Ocean Whitefish & Tuna 156 g,Friskies,Pets,Cat Food & Accessories,Wet Cat Food,7,Pet supplies,high
294150,056366006866,Friskies Wet Cat Food Chicken Dinner 156 g,Friskies,Pets,Cat Food & Accessories,Wet Cat Food,7,Pet supplies,high
294330,056366006989,Friskies Wet Cat Food Pate Seafood Supreme 156 g,Friskies,Pets,Cat Food & Accessories,Wet Cat Food,7,Pet supplies,high
294240,056366006965,Friskies Wet Cat Food Pâté Chef's Dinner 156 g,Friskies,Pets,Cat Food & Accessories,Wet Cat Food,7,Pet supplies,high
294340,056366006903,Friskies Wet Cat Food Pâté Salmon Dinner 156 g,Friskies,Pets,Cat Food & Accessories,Wet Cat Food,7,Pet supplies,high
628292,642863102936,Greenies Natural Dental Care Regular Adult Dog Treats Original 170 g,Greenies,Pets,Dog Food & Accessories,Dog Treats,7,Pet supplies,high
985804,019014806485,IAMS Wet Dog Food Lamb & Rice 369 g,IAMS,Pets,Dog Food & Accessories,Wet Dog Food,7,Pet supplies,high
696537,019014802340,Iams Perfect Portions Adult Wet Cat Food Grain Free Salmon Paté 75 g,Iams,Pets,Cat Food & Accessories,Wet Cat Food,7,Pet supplies,high
576742,019014711086,Iams Proactive Health Adult Dry Dog Food Minichunks Chicken & Whole Grains 3.18 kg,Iams,Pets,Dog Food & Accessories,Dry Dog Food,7,Pet supplies,high
344334,019014610907,Iams Proactive Health Adult Dry Dog Food Minichunks Chicken & Whole Grains 6.80 kg,IAMS,Pets,Dog Food & Accessories,Dry Dog Food,7,Pet supplies,high
633478,019014712465,Iams Proactive Health Adult Weight & Hairball Care Chicken & Turkey Dry Cat Food 1.59 kg,Iams,Pets,Cat Food & Accessories,Dry Cat Food,7,Pet supplies,high
438784,055800052544,Kitten Chow Dry Kitten Food Advanced Nutrition For Kittens 1.8 kg,Kitten Chow,Pets,Cat Food & Accessories,Dry Cat Food,7,Pet supplies,high
1005128,871802009009,Meow Mix Dry Cat Food Original Choice 1.42 kg,Meow Mix,Pets,Cat Food & Accessories,Dry Cat Food,7,Pet supplies,high
301760,871802002192,Milk-Bone Dog Biscuits 12 Vitamins & Minerals Medium Breed 900 g,Milk-Bone,Pets,Dog Food & Accessories,Dog Treats,7,Pet supplies,high
301838,871802002185,Milk-Bone Dog Biscuits Large Breed 900 g,Milk-Bone,Pets,Dog Food & Accessories,Dog Treats,7,Pet supplies,high
301570,871802002161,Milk-Bone Dog Treats Flavour Snacks 800 g,Milk-Bone,Pets,Dog Food & Accessories,Dog Treats,7,Pet supplies,high
951219,871802007593,Milk-Bone Dog Treats Soft & Chewy Beef Steak 708 g,Milk-Bone,Pets,Dog Food & Accessories,Dog Treats,7,Pet supplies,high
1354083,730521476991,Nature's Recipe Adult Lamb Dry Grain Free Dog Food 5.4 kg,Nature's Recipe,Pets,Dog Food & Accessories,Dry Dog Food,7,Pet supplies,high
998515,853163006361,Pawrific Pet Travel Bowl 1 Count,,Pets,Dog Food & Accessories,Dog Accessories,7,Pet supplies,high
803845,058496443207,Pedigree Adult Dog Food High Quality Protein Chopped With Real Beef 375 g,Pedigree,Pets,Dog Food & Accessories,Wet Dog Food,7,Pet supplies,high
803844,058496441715,Pedigree Chopped Adult Wet Dog Food with Real Chicken 375 g,PEDIGREE,Pets,Dog Food & Accessories,Wet Dog Food,7,Pet supplies,high
758840,058496441616,Pedigree Dentastix Oral Care Medium Adult Dog Treats Beef 608 g,Pedigree,Pets,Dog Food & Accessories,Dog Treats,7,Pet supplies,high
758836,058496441920,Pedigree Dentastix Oral Care Medium Adult Dog Treats Original 608 g,Pedigree,Pets,Dog Food & Accessories,Dog Treats,7,Pet supplies,high
334134,058496709600,Pedigree MarroBone Dog Treats Medium Real Beef Flavour 737 g,Pedigree,Pets,Dog Food & Accessories,Dog Treats,7,Pet supplies,high
813648,055800315618,Purina Beggin' Dog Treats With Bacon 708 g,Beggin',Pets,Dog Food & Accessories,Dog Treats,7,Pet supplies,high
6103,"055800453082,",Purina Dog Chow Dry Dog Food Complete Adult Real Chicken 14 kg,Dog Chow,Pets,Dog Food & Accessories,Dry Dog Food,7,Pet supplies,high
1333168,055800542922,Purina Fancy Feast Savoury Puree Naturals Wet Cat Food Variety Pack 16 x 10 g (160 g),Purina,Pets,Cat Food & Accessories,Wet Cat Food,7,Pet supplies,high
198147,055800153128,Purina ONE +Plus Dry Cat Food Indoor Advantage Turkey 1.8 kg,Purina ONE,Pets,Cat Food & Accessories,Dry Cat Food,7,Pet supplies,high
601614,055800231260,Purina ONE +Plus Dry Cat Food Indoor Advantage Turkey 3 kg,Purina ONE,Pets,Cat Food & Accessories,Dry Cat Food,7,Pet supplies,high
384608,055800194152,Purina ONE +Plus Dry Cat Food Sensitive Systems Turkey 1.8 kg,Purina ONE,Pets,Cat Food & Accessories,Dry Cat Food,7,Pet supplies,high
629773,055800249890,Purina ONE +Plus Dry Dog Food Small Breed Formula Beef 1.81 kg,Purina ONE,Pets,Dog Food & Accessories,Dry Dog Food,7,Pet supplies,high
630133,055800250278,Purina ONE +Plus Dry Puppy Food Healthy Puppy Formula Lamb 1.81 kg,Purina ONE,Pets,Dog Food & Accessories,Dry Dog Food,7,Pet supplies,high
1395323,055800497864,Purina ONE Dry Cat Food Allergen-Reducing Formula With Real Chicken 1.36 kg,Purina ONE,Pets,Cat Food & Accessories,Dry Cat Food,7,Pet supplies,high
591895,055800381408,Purina ONE Dry Cat Food Chicken & Rice 1.59 kg,Purina ONE,Pets,Cat Food & Accessories,Dry Cat Food,7,Pet supplies,high
591896,055800383280,Purina ONE Dry Cat Food Salmon & Rice 1.59 kg,Purina ONE,Pets,Cat Food & Accessories,Dry Cat Food,7,Pet supplies,high
265385,055800116550,Purina ONE Dry Dog Food +Plus Large Breed Formula Chicken 7 kg,Purina ONE,Pets,Dog Food & Accessories,Dry Dog Food,7,Pet supplies,high
629771,055800249340,Purina ONE Dry Dog Food Chicken & Rice Formula 1.81 kg,Purina ONE,Pets,Dog Food & Accessories,Dry Dog Food,7,Pet supplies,high
629769,055800249500,Purina ONE Dry Dog Food Lamb & Rice Formula 1.81 kg,Purina ONE,Pets,Dog Food & Accessories,Dry Dog Food,7,Pet supplies,high
586233,055800215710,Purina ONE Dry Dog Food True Instinct Turkey & Venison 1.72 kg,Purina ONE,Pets,Dog Food & Accessories,Dry Dog Food,7,Pet supplies,high
757317,055800318596,Purina ONE True Instinct Dry Cat Food Grain Free Chicken 1.45 kg,Purina ONE,Pets,Cat Food & Accessories,Dry Cat Food,7,Pet supplies,high
591900,055800410276,Purina ONE Wet Dog Food Tender Cuts In Gravy Lamb & Brown Rice Entre 368 g,Purina ONE,Pets,Dog Food & Accessories,Wet Dog Food,7,Pet supplies,high
1333054,055800479242,Purina One +Plus Dry Cat Food High Protein Salmon & Ocean Whitefish 1.8 kg,Purina,Pets,Cat Food & Accessories,Dry Cat Food,7,Pet supplies,high
1004868,055800466532,Purina One Indoor Advantage Dry Cat Food Salmon 1.8 kg,Purina,Pets,Cat Food & Accessories,Dry Cat Food,7,Pet supplies,high
6003,058496457570,Sheba Bistro Perfect Portions Adult Wet Cat Food Chicken Alfredo 75 g,SHEBA,Pets,Cat Food & Accessories,Wet Cat Food,7,Pet supplies,high
6058,058496457594,Sheba Bistro Perfect Portions Adult Wet Cat Food Salmon Entrée 75 g,SHEBA,Pets,Cat Food & Accessories,Wet Cat Food,7,Pet supplies,high
163888,058496254308,Temptations Adult Cat Treats Hearty Beef Flavour 180 g,Temptations,Pets,Cat Food & Accessories,Cat Treats,7,Pet supplies,high
179264,058496281281,Temptations Adult Cat Treats Seafood Medley Flavour 180 g,Temptations,Pets,Cat Food & Accessories,Cat Treats,7,Pet supplies,high
179262,058496281274,Temptations Adult Cat Treats Tantalizing Turkey Flavour 180 g,Temptations,Pets,Cat Food & Accessories,Cat Treats,7,Pet supplies,high
431378,058496723002,Temptations Adult Cat Treats Tasty Chicken Flavour 180 g,Temptations,Pets,Cat Food & Accessories,Cat Treats,7,Pet supplies,high
984834,058496457297,Temptations Cat Treats Creamy Puree With Chicken 4 Pouches x 12 g,Temptations,Pets,Cat Food & Accessories,Cat Treats,7,Pet supplies,high
984836,058496457310,Temptations Cat Treats Creamy Puree With Tuna 4 Pouches x 12 g,Temptations,Pets,Cat Food & Accessories,Cat Treats,7,Pet supplies,high
342421,058496422790,Temptations Cat Treats Tempting Tuna Flavour 180 g,Temptations,Pets,Cat Food & Accessories,Cat Treats,7,Pet supplies,high
428462,055800391520,Tidy Cats Cat Litter Light Weight 4-in-1 Strength Multi-Cat 2.72 kg,Tidy Cats,Pets,Cat Food & Accessories,Cat Litter,7,Pet supplies,high
428511,055800384416,Tidy Cats Cat Litter LightWeight Free & Clean Unscented 2.72 kg,Tidy Cats,Pets,Cat Food & Accessories,Cat Litter,7,Pet supplies,high
513512,055800389626,Tidy Cats Cat Litter LightWeight With Glade Clear Springs 5.44 kg,Tidy Cats,Pets,Cat Food & Accessories,Cat Litter,7,Pet supplies,high
293571,058496703226,Whiskas Meaty Selections Adult Dry Cat Food With Real Chicken 2 kg,Whiskas,Pets,Cat Food & Accessories,Dry Cat Food,7,Pet supplies,high
293572,058496703295,Whiskas Meaty Selections Adult Dry Cat Food With Real Chicken 9.1 kg,Whiskas,Pets,Cat Food & Accessories,Dry Cat Food,7,Pet supplies,high
485619,058496430092,Whiskas Perfect Portions Adult Wet Cat Food Chicken Paté 75 g,Cesar,Pets,Cat Food & Accessories,Wet Cat Food,7,Pet supplies,high
480651,058496430214,Whiskas Perfect Portions Adult Wet Cat Food Salmon Paté 75 g,Cesar,Pets,Cat Food & Accessories,Wet Cat Food,7,Pet supplies,high
677929,058496433116,Whiskas Perfect Portions Cat Food Chicken Cuts In Gravy Entrée 75 g,Whiskas,Pets,Cat Food & Accessories,Wet Cat Food,7,Pet supplies,high
677946,058496433123,Whiskas Perfect Portions Wet Cat Food Salmon Cuts In Gravy Entrée 75 g,Whiskas,Pets,Cat Food & Accessories,Wet Cat Food,7,Pet supplies,high
633471,058496431235,Whiskas Perfect Portions Wet Cat Food Paté Meaty Selections Adult Multipack 12 x 75 g,Whiskas,Pets,Cat Food & Accessories,Wet Cat Food,7,Pet supplies,high
633470,058496431259,Whiskas Perfect Portions Wet Cat Food Seafood Selections Adult Paté Multipack 12 x 75 g,Whiskas,Pets,Cat Food & Accessories,Wet Cat Food,7,Pet supplies,high
68537,062107004909,Advil Fast Relief Liquid Gels 200 mg 16 EA,Advil,Pharmacy & Wellness,Medicine & Health,Cough & Cold Care,other,No reliable aisle rule matched,review
68531,062107004923,Advil Liqui-Gels 200 mg Ibuprofen Capsules 72 Count,Advil,Pharmacy & Wellness,Medicine & Health,Cough & Cold Care,other,No reliable aisle rule matched,review
68542,062107004916,Advil Liquid Gels 200 mg 32 EA,Advil,Pharmacy & Wellness,Medicine & Health,Cough & Cold Care,other,No reliable aisle rule matched,review
647003,062107004053,Advil Pain Relief 24 Tablets,Advil,Pharmacy & Wellness,Medicine & Health,Cough & Cold Care,other,No reliable aisle rule matched,review
429095,062107005029,Advil Pain Relief Liquid Gels Extra Strength 24 Count,Advil,Pharmacy & Wellness,Medicine & Health,Cough & Cold Care,other,No reliable aisle rule matched,review
216892,056500359889,Aleve 220 mg 24 Caplets,Aleve,Pharmacy & Wellness,Medicine & Health,Pain Relief,other,No reliable aisle rule matched,review
285966,056500362629,Aleve Pain Relief Liquid Gels 20 EA,Aleve,Pharmacy & Wellness,Medicine & Health,Pain Relief,other,No reliable aisle rule matched,review
1325263,030772153109,Always Discreet Underwear Max S/M 17 Count,Always,Pharmacy & Wellness,Medicine & Health,Incontinence,other,No reliable aisle rule matched,review
1394546,030772236277,"Always Moderate Long, 54 Pack # Anti-Leak Barriers, Odor Control Incontinence Pads 54 ea",Always,Pharmacy & Wellness,Medicine & Health,Incontinence,other,No reliable aisle rule matched,review
12844,062600731456,Band-Aid Bandages Flexible Fabric Assorted Sizes 50 Count,Band-Aid,Pharmacy & Wellness,Medicine & Health,"First Aid, Bandages & Dressings",other,No reliable aisle rule matched,review
651036,062600964472,Band-Aid Tough Strips Bandages 60 EA,Band-Aid,Pharmacy & Wellness,Medicine & Health,"First Aid, Bandages & Dressings",other,No reliable aisle rule matched,review
117420,381370044086,Band-Aid Tough Strips Bandages All One Size 20 EA,Band-Aid,Pharmacy & Wellness,Medicine & Health,"First Aid, Bandages & Dressings",other,No reliable aisle rule matched,review
661576,060093280765,Benylin Cough Syrup DM-E Extra Strength 100 ml,Benylin,Pharmacy & Wellness,Medicine & Health,Cough & Cold Care,other,No reliable aisle rule matched,review
630037,060093260293,Benylin Cough Syrup Extra Strength 100 ml,Benylin,Pharmacy & Wellness,Medicine & Health,Cough & Cold Care,other,No reliable aisle rule matched,review
758429,041679384305,Boost Drink Mix Instant Breakfast Powder Chocolate 880 g,Boost,Pharmacy & Wellness,Diet & Fitness,Meal Replacement,9,"Snack, candy or soft drink",medium
315907,058478107769,Buckley's Cough Syrup Complete Mucus Relief 250 ml,Buckley's,Pharmacy & Wellness,Medicine & Health,Cough & Cold Care,other,No reliable aisle rule matched,review
444212,062107004343,Children's Advil Dye Free Oral Suspension Grape 100 ml,Children's Advil,Pharmacy & Wellness,Medicine & Health,Cough & Cold Care,other,No reliable aisle rule matched,review
73908,055742574685,Compliments Fabric Bandages Assorted 50 Count,Compliments,Pharmacy & Wellness,Medicine & Health,"First Aid, Bandages & Dressings",other,No reliable aisle rule matched,review
91584,055742575729,Compliments Fabric Bandages Assorted Family Pack 120 Count,Compliments,Pharmacy & Wellness,Medicine & Health,"First Aid, Bandages & Dressings",other,No reliable aisle rule matched,review
73906,055742574746,Compliments Plastic Bandage Assorted 60 Count,Compliments,Pharmacy & Wellness,Medicine & Health,"First Aid, Bandages & Dressings",other,No reliable aisle rule matched,review
863707,055742568585,Compliments Protective Underwear Unisex Large 18 EA,Compliments,Pharmacy & Wellness,Medicine & Health,Incontinence,other,No reliable aisle rule matched,review
1399576,036000584134,Depend Guards for Men Maximum Absorbency 52 Count,Depend,Pharmacy & Wellness,Medicine & Health,Incontinence,other,No reliable aisle rule matched,review
635992,036000385335,Depend Maximum Absorbency Men's Underwear Small/Medium 19 Count,Depend,Pharmacy & Wellness,Medicine & Health,Incontinence,other,No reliable aisle rule matched,review
635981,036000385311,Depend Maximum Absorbency Women's Underwear Peach Large 17 Count,Depend,Pharmacy & Wellness,Medicine & Health,Incontinence,other,No reliable aisle rule matched,review
765483,036000479263,Depend Men's Underwear Large 17 Count,Depend,Pharmacy & Wellness,Medicine & Health,Incontinence,other,No reliable aisle rule matched,review
664337,036000455991,Depend Overnight Women's Underwear Large 14 Count,Depend,Pharmacy & Wellness,Medicine & Health,Incontinence,other,No reliable aisle rule matched,review
765494,036000479188,Depend Overnight Women's Underwear Medium 15 Count,Depend,Pharmacy & Wellness,Medicine & Health,Incontinence,other,No reliable aisle rule matched,review
352542,036000554243,Depend Silhouette Female Incontinence Underwear Pink Large 12 Count,Depend,Pharmacy & Wellness,Medicine & Health,Incontinence,other,No reliable aisle rule matched,review
636159,036000385328,Depend Women Underwear Maximum Absorbency XL 15 Count,Depend,Pharmacy & Wellness,Medicine & Health,Incontinence,other,No reliable aisle rule matched,review
765474,036000479324,Depend Women's Underwear Medium 18 Pack,Depend,Pharmacy & Wellness,Medicine & Health,Incontinence,other,No reliable aisle rule matched,review
765473,036000479157,Depend Women's Underwear Small 19 Count,Depend,Pharmacy & Wellness,Medicine & Health,Incontinence,other,No reliable aisle rule matched,review
605963,055325002192,Ensure High Protein Nutritional Shake Chocolate 6 x 235 g,Ensure,Pharmacy & Wellness,Diet & Fitness,Meal Replacement,9,"Snack, candy or soft drink",medium
729006,057271163026,Gatorade Protein Bar Chocolate Carmel 80 g,Gatorade,Pharmacy & Wellness,Diet & Fitness,Protein Bars,9,"Snack, candy or soft drink",medium
702415,057271163002,Gatorade Whey Protein Bar Chocolate Chip 80 g,Gatorade,Pharmacy & Wellness,Diet & Fitness,Protein Bars,9,"Snack, candy or soft drink",medium
395733,055325036562,Glucerna Meal Replacement Supplement Chocolate 6 x 237 ml (bottles),Glucerna,Pharmacy & Wellness,Diet & Fitness,Meal Replacement,9,"Snack, candy or soft drink",medium
504485,057700628034,Halls Extra Strong Cough Drops 9 Lozenges,Halls,Pharmacy & Wellness,Medicine & Health,Cough & Cold Care,other,No reliable aisle rule matched,review
402192,057700853764,Halls Mentho-Lyptus Cough Drops Cherry Flavour 30 Lozenges,Halls,Pharmacy & Wellness,Medicine & Health,Cough & Cold Care,other,No reliable aisle rule matched,review
402205,057700853788,Halls Mentho-Lyptus Cough Drops Honey Lemon Flavour 30 Lozenges,Halls,Pharmacy & Wellness,Medicine & Health,Cough & Cold Care,5,"Breakfast spreads, hot drinks or shelf-stable beverages",medium
504400,057700628607,Halls Mentho-Lyptus Cough Drops Lozenges Cherry 9 Count,Halls,Pharmacy & Wellness,Medicine & Health,Cough & Cold Care,other,No reliable aisle rule matched,review
504431,057700628805,Halls Mentho-Lyptus Cough Drops Lozenges Honey Lemon 9 Count,Halls,Pharmacy & Wellness,Medicine & Health,Cough & Cold Care,5,"Breakfast spreads, hot drinks or shelf-stable beverages",medium
245915,057700229996,Halls Mentho-Lyptus No Sugar Added Cough Drops Black Cherry Flavour 25 Lozenges,Halls,Pharmacy & Wellness,Medicine & Health,Cough & Cold Care,6,"Baking, canned goods, soups or crackers",medium
400846,056219254871,HydraSense Medium Stream Nasal Mist 100 ml,HydraSense,Pharmacy & Wellness,Medicine & Health,Cough & Cold Care,other,No reliable aisle rule matched,review
288913,056219268618,HydraSense Nasal Aspirator Starter Kit 1 EA,HydraSense,Pharmacy & Wellness,Medicine & Health,Cough & Cold Care,other,No reliable aisle rule matched,review
400844,056219254857,HydraSense Ultra Gentle Nasal Mist 100 ml,HydraSense,Pharmacy & Wellness,Medicine & Health,Allergy Relief,other,No reliable aisle rule matched,review
994776,064541301477,Imodium Anti-Diarrhea Quick Dissolve Tablets 20 EA,Imodium,Pharmacy & Wellness,Medicine & Health,Digestive care,other,No reliable aisle rule matched,review
314052,062600961174,Motrin Ibuprofen Easy Swallow 300 mg Tablets 45 EA,Motrin,Pharmacy & Wellness,Medicine & Health,Cough & Cold Care,other,No reliable aisle rule matched,review
1376725,060815404110,NeoCitran Flu & Cold Ultra Strength Nighttime Honey Lemon 10 Pack,NeoCitran,Pharmacy & Wellness,Medicine & Health,Cough & Cold Care,5,"Breakfast spreads, hot drinks or shelf-stable beverages",medium
456777,041679269022,Nestlé Boost Meal Replacement Regular Variety Pack 6 x 237 ml (bottles),Nestlé,Pharmacy & Wellness,Diet & Fitness,Meal Replacement,other,No reliable aisle rule matched,review
825204,064541318130,Pepcid Acid Controller Maximum Strength Tablets 25 Count,Pepcid,Pharmacy & Wellness,Medicine & Health,Digestive care,other,No reliable aisle rule matched,review
19443,036000549430,Poise Incontinence Pads for Women Overnight Extra-Coverage 22 Count,Poise,Pharmacy & Wellness,Medicine & Health,Incontinence,other,No reliable aisle rule matched,review
654827,062600252241,Polysporin Antibiotic Cream Original 15 g,Polysporin,Pharmacy & Wellness,Medicine & Health,"First Aid, Bandages & Dressings",other,No reliable aisle rule matched,review
633357,888849002191,Quest Gluten-Free Protein Bar Chocolate Chips Cookie Dough 60 g,Quest,Pharmacy & Wellness,Diet & Fitness,Protein Bars,9,"Snack, candy or soft drink",medium
503593,"888849000173,793573238467",Quest Protein Bars Cookies & Creme 60 g,Quest,Pharmacy & Wellness,Diet & Fitness,Protein Bars,other,No reliable aisle rule matched,review
77568,060245250103,Reactine Extra Strength 24 Hour Relief 10 Tablets,Reactine,Pharmacy & Wellness,Medicine & Health,Cough & Cold Care,other,No reliable aisle rule matched,review
219995,056219823145,RestoraLAX Laxative 14 Once-Daily Doses 238 g,RestoraLAX,Pharmacy & Wellness,Medicine & Health,Digestive care,other,No reliable aisle rule matched,review
999218,068900000384,Tums Antacid Extra Strength Assorted Fruit 100 Count,Tums,Pharmacy & Wellness,Medicine & Health,Digestive care,other,No reliable aisle rule matched,review
649372,068900000681,Tums Ultra Antacid Assorted Fruit 72 EA,Tums,Pharmacy & Wellness,Medicine & Health,Digestive care,other,No reliable aisle rule matched,review
580954,064541302498,Tylenol Arthritis Pain Relief Caplets 24 EA,Tylenol,Pharmacy & Wellness,Medicine & Health,Pain Relief,other,No reliable aisle rule matched,review
321132,062600143723,Tylenol Children's Liquid Suspension Grape 100 ml,Tylenol,Pharmacy & Wellness,Medicine & Health,Pain Relief,other,No reliable aisle rule matched,review
43160,064541317379,Tylenol Cold Day/Night Extra Strength Tablets 20 EA,Tylenol,Pharmacy & Wellness,Medicine & Health,Cough & Cold Care,other,No reliable aisle rule matched,review
647011,062600142504,Tylenol Extra Strength 500 mg 24 Caplets,Tylenol,Pharmacy & Wellness,Medicine & Health,Pain Relief,other,No reliable aisle rule matched,review
999254,062600142528,Tylenol Pain Relief Extra Strength 500 mg 100 Caplets,Tylenol,Pharmacy & Wellness,Medicine & Health,Pain Relief,other,No reliable aisle rule matched,review
59283,056100300663,Vicks Vaporub Regular 57 ml,Vicks,Pharmacy & Wellness,Medicine & Health,Cough & Cold Care,other,No reliable aisle rule matched,review
61987,060815342245,Voltaren Back + Muscle No Mess Muscular Pain Relief 75 g,Voltaren,Pharmacy & Wellness,Medicine & Health,Pain Relief,other,No reliable aisle rule matched,review
466942,058478110943,Voltaren Emulgel Pain Relief Cream Extra Strength 100 g,Voltaren,Pharmacy & Wellness,Medicine & Health,Pain Relief,other,No reliable aisle rule matched,review
163244,060466853787,Arla Tre Stelle Organic Cream Cheese 200 g,Arla,Plant Based,Non-Dairy Cheese,Cheese & Deli,dairy,"Dairy section: milk, eggs, cheese, butter/margarine, sour cream, creamers or dairy alternatives (verify shelf placement)",suggested
525137,011115001554,Becel Plant Based Butter Salted 454 g,Becel,Plant Based,Non-Dairy Butter,Dairy & Eggs,dairy,"Dairy section: milk, eggs, cheese, butter/margarine, sour cream, creamers or dairy alternatives (verify shelf placement)",suggested
525144,011115001547,Becel Plant Based Butter Unsalted 454 g,Becel,Plant Based,Non-Dairy Butter,Dairy & Eggs,dairy,"Dairy section: milk, eggs, cheese, butter/margarine, sour cream, creamers or dairy alternatives (verify shelf placement)",suggested
525575,011115001196,Becel Vegan Margarine 427 g,Becel,Plant Based,Non-Dairy Butter,Dairy & Eggs,dairy,"Dairy section: milk, eggs, cheese, butter/margarine, sour cream, creamers or dairy alternatives (verify shelf placement)",suggested
983036,810057290749,Beyond Chicken Plant-Based Frozen Breaded Tenders 226 g,Beyond Meat,Plant Based,Meat Alternatives,,meat,Fresh/refrigerated or separate store section,medium
422095,850004207017,Beyond Meat Frozen Plant-Based Beyond Burgers 226 g,Beyond Meat,Plant Based,Meat Alternatives,Meat,meat,Fresh/refrigerated or separate store section,medium
770426,810057290237,Beyond Meat Frozen Plant-Based Burgers 678 g,Beyond Meat,Plant Based,Meat Alternatives,Meat,meat,Fresh/refrigerated or separate store section,medium
840832,810057290275,Beyond Meat Plant Based Frozen Breakfast Sausage Classic 235 g,Beyond Meat,Plant Based,Meat Alternatives,,2,"Pasta, Mexican, noodles or aisle-2 frozen specialties",medium
1391313,810057291647,Beyond Meat Plant Based Frozen Links Sausage 236 g,Beyond Meat,Plant Based,Meat Alternatives,,2,"Pasta, Mexican, noodles or aisle-2 frozen specialties",medium
583264,850004207376,Beyond Meat Plant Based Frozen Sausage Hot Italian 400 g,Beyond Meat,Plant Based,Meat Alternatives,,2,"Pasta, Mexican, noodles or aisle-2 frozen specialties",medium
583260,850004207277,Beyond Meat Plant Based Frozen Sausage Mild Italian 400 g,Beyond Meat,Plant Based,Meat Alternatives,,2,"Pasta, Mexican, noodles or aisle-2 frozen specialties",medium
212700,810057291159,Beyond Meat Plant Based Frozen Steak Original 226 g,Beyond Meat,Plant Based,Meat Alternatives,Meat,meat,Fresh/refrigerated or separate store section,medium
501803,850004207291,Beyond Meat Plant-Based Ground Beef 340 g (frozen),Beyond Meat,Plant Based,Meat Alternatives,,meat,Fresh/refrigerated or separate store section,medium
818672,777744000084,Big Mountain Foods Vegan Mighty Mushroom Bites Sweet Potato & Spinach 300 g,Big Mountain Foods,Plant Based,Plant Based Dinners & Entrees,,other,Fresh/refrigerated or separate store section,medium
450272,041570052723,Blue Diamond Dairy-Free Almond Breeze Original 946 ml,Blue Diamond,Plant Based,Non-Dairy Milk & Cream,Cheese & Deli,dairy,"Dairy section: milk, eggs, cheese, butter/margarine, sour cream, creamers or dairy alternatives (verify shelf placement)",suggested
450270,041570052730,Blue Diamond Dairy-Free Almond Breeze Vanilla 946 ml,Blue Diamond,Plant Based,Non-Dairy Milk & Cream,Cheese & Deli,dairy,"Dairy section: milk, eggs, cheese, butter/margarine, sour cream, creamers or dairy alternatives (verify shelf placement)",suggested
1349587,055742580624,Compliments Green Soy Plant Based Burger 678 g,Compliments Green,Plant Based,Meat Alternatives,,meat,Fresh/refrigerated or separate store section,medium
607314,055742561487,Compliments Plant Based Salad Dressing Blue Cheese Kreamy 350 ml,Compliments,Plant Based,Non-Dairy Dips & Condiments,Pantry,other,Fresh/refrigerated or separate store section,medium
607250,055742561470,Compliments Plant Based Salad Dressing Caesar Kreamy 350 ml,Compliments,Plant Based,Non-Dairy Dips & Condiments,Pantry,other,Fresh/refrigerated or separate store section,medium
607324,055742561494,Compliments Plant Based Salad Dressing Ranch 350 ml,Compliments,Plant Based,Non-Dairy Dips & Condiments,Pantry,other,Fresh/refrigerated or separate store section,medium
763827,638031612284,Field Roast Plant-Based Sausages Classic Smoked 340 g,Field Roast,Plant Based,Meat Alternatives,,meat,Fresh/refrigerated or separate store section,medium
824985,638031612154,Field Roast Plant-Based Sausages Italian Garlic & Fennel 368 g,Field Roast,Plant Based,Meat Alternatives,,meat,Fresh/refrigerated or separate store section,medium
827400,638031612161,Field Roast Plant-Based Sausages Spicy Mexican Chipotle 368 g,Field Roast,Plant Based,Meat Alternatives,,2,"Pasta, Mexican, noodles or aisle-2 frozen specialties",medium
316435,842234001091,Gardein Gluten-Free Vegan Frozen Meals Beefless Ground 390 g,Gardein,Plant Based,Meat Alternatives,,meat,"Breakfast spreads, hot drinks or shelf-stable beverages",medium
1355128,842234401334,Gardein Plant Based Frozen Meat Alternative Chicken Strips 397 g,Gardein,Plant Based,,,other,Fresh/refrigerated or separate store section,medium
1354692,842234401112,Gardein Plant Based Frozen Meat Alternative F'sh Filets 425 g,Gardein,Plant Based,,,other,Fresh/refrigerated or separate store section,medium
1355129,842234400603,Gardein Plant Based Frozen Meat Alternative Ground Beef 397 g,Gardein,Plant Based,,,other,Fresh/refrigerated or separate store section,medium
1352228,842234400580,Gardein Plant Based Frozen Single Serve Meal Chick'n Fried Rice 255 g,Gardein,Plant Based,,,other,Fresh/refrigerated or separate store section,medium
1352227,842234400559,Gardein Plant Based Frozen Single Serve Meal Fried Chick'n Macaroni Cheeze 255 g,Gardein,Plant Based,,,2,"Pasta, Mexican, noodles or aisle-2 frozen specialties",medium
805199,842234007147,Gardein Plant-Based Burger Supreme 226 g (frozen),Gardein,Plant Based,Meat Alternatives,,meat,Fresh/refrigerated or separate store section,medium
105041,842234416789,Gardein Plant-Based Supreme Sausages Spicy Italian 397 g,Gardein,Plant Based,Meat Alternatives,,meat,Fresh/refrigerated or separate store section,medium
105680,842234416734,Gardein Supreme Plant Based Frozen Chick'n Wings Buffalo 419 g,Gardein,Plant Based,Meat Alternatives,,meat,Fresh/refrigerated or separate store section,medium
1303257,842234400658,Gardein Supreme Plant Based Frozen Meal Be'f & Broccoli 255 g,Gardein,Plant Based,Plant Based Dinners & Entrees,,3,"Frozen meals, pizza, sides or vegetables",medium
1303258,842234400566,Gardein Supreme Plant Based Frozen Meal Bowls Meatball Marinara 255 g,Gardein,Plant Based,Plant Based Dinners & Entrees,,3,"Frozen meals, pizza, sides or vegetables",medium
1354754,842234400597,Gardein Suprême Plant Based Frozen Breakfast Saus'ge Patties 390 g,Gardein,Plant Based,,,other,Fresh/refrigerated or separate store section,medium
1405504,842234401228,Gardein Suprême Plant-Based Meatballs 425 g,Gardein,Plant Based,,,other,Fresh/refrigerated or separate store section,medium
105633,842234416741,Gardein Vegan Frozen Chick'n Wings Supreme BBQ 415 g,Gardein,Plant Based,Meat Alternatives,,meat,Fresh/refrigerated or separate store section,medium
105543,842234409965,Gardein Vegan Frozen Chicken Nuggets Supreme 417 g,Gardein,Plant Based,Meat Alternatives,,meat,Fresh/refrigerated or separate store section,medium
105679,842234409972,Gardein Vegan Frozen Supreme Chick'n Filets 425 g,Gardein,Plant Based,Meat Alternatives,,meat,Fresh/refrigerated or separate store section,medium
105940,842234416772,Gardein Vegan Frozen Suprême Saus'ge Links Bratwurst 397 g,Gardein,Plant Based,Meat Alternatives,,meat,Fresh/refrigerated or separate store section,medium
766391,842234001145,Gardein Vegan Turk'y Cutlets Lightly Breaded 300 g (frozen),Gardein,Plant Based,Meat Alternatives,,meat,Fresh/refrigerated or separate store section,medium
19550,627552108048,Gusta Plant-Based Beefless Strips 200 g,Gusta,Plant Based,Meat Alternatives,,meat,Fresh/refrigerated or separate store section,medium
790153,627843577867,Gusta Vegan Sausage Oktoberfest 350 g,Gusta,Plant Based,Meat Alternatives,,2,"Pasta, Mexican, noodles or aisle-2 frozen specialties",medium
790155,627843577874,Gusta Vegan Sausage Smoked Spice 350 g,Gusta,Plant Based,Meat Alternatives,,2,"Pasta, Mexican, noodles or aisle-2 frozen specialties",medium
6955,055000206396,Haagen-Dazs Plant-based Frozen Dessert Caramel Fudge Chip 400 ml,Haagen-Dazs,Plant Based,Non-Dairy Frozen Dessert,,4,"Ice cream, fruit, yogurt or juice",medium
6956,055000206372,Haagen-Dazs Plant-based Frozen Dessert Chocolate Peanut Butter 400 ml,Haagen-Dazs,Plant Based,Non-Dairy Frozen Dessert,,4,"Ice cream, fruit, yogurt or juice",medium
6954,055000206433,Haagen-Dazs Plant-based Frozen Dessert Vanilla Raspberry Truffle 400 ml,Haagen-Dazs,Plant Based,Non-Dairy Frozen Dessert,,4,"Ice cream, fruit, yogurt or juice",medium
629736,068400534273,Hellmann's Gluten-Free Vegan Dressing & Sandwich Spread 710 ml,Hellmann's,Plant Based,Non-Dairy Dips & Condiments,Pantry,5,"Breakfast spreads, hot drinks or shelf-stable beverages",medium
336330,990016700233,KD Notco Plant Based Macaroni Pasta And Sauce Original Flavour 170 g,NotCo,Plant Based,Plant Based Dinners & Entrees,Pantry,2,"Pasta, Mexican, noodles or aisle-2 frozen specialties",medium
815906,043454000059,Lightlife Organic Plant-Based Tempeh Original 227 g,Lightlife,Plant Based,Meat Alternatives,Non-Dairy Cheese,meat,Fresh/refrigerated or separate store section,medium
815943,"043454478414,043454000462",Lightlife Plant-Based Beef Original Smart Ground 340 g,Lightlife,Plant Based,Meat Alternatives,Non-Dairy Cheese,meat,Fresh/refrigerated or separate store section,medium
815915,043454000431,Lightlife Plant-Based Chicken Smart Tenders 170 g,Lightlife,Plant Based,Meat Alternatives,Non-Dairy Cheese,meat,Fresh/refrigerated or separate store section,medium
815944,043454000417,Lightlife Plant-Based Vegan Bacon Strips Smart Bacon 142 g,Lightlife,Plant Based,Meat Alternatives,Non-Dairy Cheese,meat,Fresh/refrigerated or separate store section,medium
815914,043454000370,Lightlife Plant-Based Vegan Hot Dogs Smart Dogs 340 g,Lightlife,Plant Based,Meat Alternatives,Non-Dairy Cheese,meat,Fresh/refrigerated or separate store section,medium
1382611,043454451592,Lightlife Smart Plant Based Sausage Italian 340 g,Lightlife,Plant Based,Tofu,,produce,"Pasta, Mexican, noodles or aisle-2 frozen specialties",medium
844461,036632076540,Silk Barista Plant Based Dairy-Free Oat Milk Original 946 ml,Silk,Plant Based,Non-Dairy Milk & Cream,,dairy,"Dairy section: milk, eggs, cheese, butter/margarine, sour cream, creamers or dairy alternatives (verify shelf placement)",suggested
412689,036632072405,Silk Dairy Free Plant Based Oat Milk Alternative Original Plain 1.75 L,Silk,Plant Based,Non-Dairy Milk & Cream,,dairy,"Dairy section: milk, eggs, cheese, butter/margarine, sour cream, creamers or dairy alternatives (verify shelf placement)",suggested
412682,036632072412,Silk Dairy Free Plant Based Oat Milk Alternative Vanilla Flavour 1.75 L,Silk,Plant Based,Non-Dairy Milk & Cream,,dairy,"Dairy section: milk, eggs, cheese, butter/margarine, sour cream, creamers or dairy alternatives (verify shelf placement)",suggested
245788,025293001008,Silk Dairy-Free Plant Based Almond Milk Alternative Original 1.89 L,Silk,Plant Based,Non-Dairy Milk & Cream,,dairy,"Dairy section: milk, eggs, cheese, butter/margarine, sour cream, creamers or dairy alternatives (verify shelf placement)",suggested
967382,036632078506,Silk Nextmilk Dairy-Free Plant Based Milk Alternative Original 1.74 L,Silk,Plant Based,Non-Dairy Milk & Cream,,dairy,"Dairy section: milk, eggs, cheese, butter/margarine, sour cream, creamers or dairy alternatives (verify shelf placement)",suggested
1285770,036632080325,Silk Oat Plant Based Coffee Creamer Hazelnut Latte 450 ml,Silk,Plant Based,Non-Dairy Milk & Cream,Dairy & Eggs,dairy,"Dairy section: milk, eggs, cheese, butter/margarine, sour cream, creamers or dairy alternatives (verify shelf placement)",suggested
1285768,036632080295,Silk Plant Based Coffee Creamer Limited Edition Vanilla Lavender 450 ml,Silk,Plant Based,Non-Dairy Milk & Cream,Dairy & Eggs,dairy,"Dairy section: milk, eggs, cheese, butter/margarine, sour cream, creamers or dairy alternatives (verify shelf placement)",suggested
1310535,056800510119,Silk Plant Based Yogurt Plain 500 g,Silk,Plant Based,Non-Dairy Yogurt,Dairy & Eggs,4,"Ice cream, fruit, yogurt or juice",medium
941220,810934032080,Violife Vegan Block Cheese Feta Style 200 g,Violife,Plant Based,Non-Dairy Cheese,,dairy,"Dairy section: milk, eggs, cheese, butter/margarine, sour cream, creamers or dairy alternatives (verify shelf placement)",suggested
1288239,810934032363,Violife Vegan Block Cream Cheese 227 g,Violife,Plant Based,Non-Dairy Cheese,,dairy,"Dairy section: milk, eggs, cheese, butter/margarine, sour cream, creamers or dairy alternatives (verify shelf placement)",suggested
596497,810934032066,Violife Vegan Cream Cheese Original 200 g,Violife,Plant Based,Non-Dairy Cheese,Cheese & Deli,dairy,"Dairy section: milk, eggs, cheese, butter/margarine, sour cream, creamers or dairy alternatives (verify shelf placement)",suggested
596875,810934032103,Violife Vegan Sliced Cheese Cheddar Style 10 Slices 200 g,Violife,Plant Based,Non-Dairy Cheese,Cheese & Deli,dairy,"Dairy section: milk, eggs, cheese, butter/margarine, sour cream, creamers or dairy alternatives (verify shelf placement)",suggested
596916,810934032042,Violife Vegan Sliced Cheese Smoke Flavoured Provolone Style 10 Slices 200 g,Violife,Plant Based,Non-Dairy Cheese,Cheese & Deli,dairy,"Dairy section: milk, eggs, cheese, butter/margarine, sour cream, creamers or dairy alternatives (verify shelf placement)",suggested
1442334,063100006037,Yves Plant Based Deli Slices Veggie Ham 156 g,Yves,Plant Based,Tofu,,produce,Fresh/refrigerated or separate store section,medium
1441979,063100006051,Yves Plant Based Simulated Turkey Deli Slices Veggie 156 g,Yves,Plant Based,Tofu,,produce,Fresh/refrigerated or separate store section,medium
1442290,063100006068,Yves Plant Based Veggie Ground Round Mexican 340 g,Yves,Plant Based,Tofu,,produce,"Pasta, Mexican, noodles or aisle-2 frozen specialties",medium
1442357,063100006020,Yves Plant Based Veggie Ground Round Original 284 g,Yves,Plant Based,Tofu,,produce,Fresh/refrigerated or separate store section,medium
1441868,063100006013,Yves Plant Based Veggie Ground Rounds Original 1.36 kg,Yves,Plant Based,Tofu,,produce,Fresh/refrigerated or separate store section,medium
113274,060822003023,Yves Veggie Cuisine Italian Veggie Plant Based Ground Round 340 g,Yves Veggie Cuisine,Plant Based,Meat Alternatives,,meat,Fresh/refrigerated or separate store section,medium
115928,060822003061,Yves Veggie Cuisine Low In Fat  Plant Based Turkey Slices 155 g,Yves Veggie Cuisine,Plant Based,Meat Alternatives,,meat,Fresh/refrigerated or separate store section,medium
113369,"060822000701,060822000022",Yves Veggie Cuisine Vegan Veggie Dogs Jumbo 380 g,Yves Veggie Cuisine,Plant Based,Meat Alternatives,,meat,Fresh/refrigerated or separate store section,medium
675007,064946538508,Capital Fine Meats Garlic Ring Naturally Smoked 300 g,Capital Fine Meats,Ready To Eat,Ready To Eat Entrees & Sides,Local,other,Fresh/refrigerated or separate store section,medium
675198,246984000005,Capital Fine Meats Smoked Cottage Roll 1 kg,Capital Fine Meats,Ready To Eat,Ready To Eat Entrees & Sides,Local,other,Fresh/refrigerated or separate store section,medium
54239,061362433820,Clover Leaf Tuna Snacks Kit Classic 90 g,Clover Leaf,Ready To Eat,Lunch & Snack Kits,Pantry,other,Fresh/refrigerated or separate store section,medium
294453,061362433837,Clover Leaf Tuna Snacks Spicy Thai Chili 90 g,Clover Leaf,Ready To Eat,Lunch & Snack Kits,Pantry,other,Fresh/refrigerated or separate store section,medium
674761,055742541069,Compliments Filled Pasta Beef Tortellini 1 kg,Compliments,Ready To Eat,Fresh Pasta & Pasta Sauce,Fresh Pasta,2,"Pasta, Mexican, noodles or aisle-2 frozen specialties",medium
1295160,055742577594,Compliments Pasta Cheese Tortellini 1 kg,Compliments,Ready To Eat,Fresh Pasta & Pasta Sauce,Fresh Pasta,2,"Pasta, Mexican, noodles or aisle-2 frozen specialties",medium
674550,055742540505,Compliments Pasta Naturally Simple Linguine 1 kg,Compliments,Ready To Eat,Fresh Pasta & Pasta Sauce,Fresh Pasta,2,"Pasta, Mexican, noodles or aisle-2 frozen specialties",medium
674890,055742541076,Compliments Pasta Naturally Tortellini Simple Cheese Tre- Color 1 kg,Compliments,Ready To Eat,Fresh Pasta & Pasta Sauce,Fresh Pasta,2,"Pasta, Mexican, noodles or aisle-2 frozen specialties",medium
1295331,055742577587,Compliments Pasta Ravioli Cheese & Spinach 1 kg,Compliments,Ready To Eat,Fresh Pasta & Pasta Sauce,Fresh Pasta,2,"Pasta, Mexican, noodles or aisle-2 frozen specialties",medium
583145,055742559620,Compliments Pasta Sauce Alfredo 300 ml,Compliments,Ready To Eat,Fresh Pasta & Pasta Sauce,Pantry,2,"Pasta, Mexican, noodles or aisle-2 frozen specialties",medium
583134,055742559682,Compliments Pesto Sauce Basil 170 g,Compliments,Ready To Eat,Fresh Pasta & Pasta Sauce,Fresh Pasta Sauce,2,"Pasta, Mexican, noodles or aisle-2 frozen specialties",medium
583143,055742559644,Compliments Sauce Rosée 300 ml,Compliments,Ready To Eat,Fresh Pasta & Pasta Sauce,Fresh Pasta Sauce,2,"Pasta, Mexican, noodles or aisle-2 frozen specialties",medium
547406,057393700628,"Harvest Meats Double Smoked, Twin Stick Farmer Sausage 375 g",Harvest Meats,Ready To Eat,Ready To Eat Entrees & Sides,,2,"Pasta, Mexican, noodles or aisle-2 frozen specialties",medium
541822,057393700734,Harvest Meats Garlic Homestyle Sausage 300 g,Harvest Meats,Ready To Eat,Ready To Eat Entrees & Sides,,2,"Pasta, Mexican, noodles or aisle-2 frozen specialties",medium
885935,063100320034,Lunch Mate Lunch Kit Kielbassa 90 g,Lunch Mate,Ready To Eat,Lunch & Snack Kits,,other,Fresh/refrigerated or separate store section,medium
505415,063100760328,Lunch Mate Lunch Kit Pizza Pepperoni 120 g,Lunchmate,Ready To Eat,Lunch & Snack Kits,,3,"Frozen meals, pizza, sides or vegetables",medium
390739,063100320010,Lunchmate Lunch Kit Bologna 90 g,Lunchmate,Ready To Eat,Lunch & Snack Kits,,other,Fresh/refrigerated or separate store section,medium
390742,063100320027,Lunchmate Lunch Kit Ham 90 g,Lunchmate,Ready To Eat,Lunch & Snack Kits,,other,Fresh/refrigerated or separate store section,medium
505114,062000383859,Lunchmate Lunch Kit Hot Dogs 105 g,Lunchmate,Ready To Eat,Lunch & Snack Kits,,other,Fresh/refrigerated or separate store section,medium
390738,063100320003,Lunchmate Lunch Kit Turkey 90 g,Lunchmate,Ready To Eat,Lunch & Snack Kits,,other,Fresh/refrigerated or separate store section,medium
992891,063100135454,Maple Leaf Deli Shredded Natural Chicken BBQ 250 g,Maple Leaf,Ready To Eat,Lunch & Snack Kits,Cheese & Deli,other,Fresh/refrigerated or separate store section,medium
609778,063100286408,Maple Leaf Deli Shredded Natural Chicken Slow Roasted 250 g,Maple Leaf,Ready To Eat,Lunch & Snack Kits,Cheese & Deli,other,Fresh/refrigerated or separate store section,medium
1456526,779566111085,O Sole Mio Boursin Ravioli Cracked Pepper 225 g,O Sole Mio,Ready To Eat,Fresh Pasta & Pasta Sauce,,2,"Pasta, Mexican, noodles or aisle-2 frozen specialties",medium
1456536,779566111092,O Sole Mio Boursin Ravioli Garlic And Herbs 225 g,O Sole Mio,Ready To Eat,Fresh Pasta & Pasta Sauce,,2,"Pasta, Mexican, noodles or aisle-2 frozen specialties",medium
1456553,779566111108,O Sole Mio Boursin Ravioli Truffle Salt 225 g,O Sole Mio,Ready To Eat,Fresh Pasta & Pasta Sauce,,2,"Pasta, Mexican, noodles or aisle-2 frozen specialties",medium
258188,058441402938,Olivieri  Cannelloni Fresh Ricotta & Spinach 540 g,Olivieri,Ready To Eat,Fresh Pasta & Pasta Sauce,Fresh Pasta,2,"Pasta, Mexican, noodles or aisle-2 frozen specialties",medium
173425,058441003364,Olivieri Alfredo Sauce Classic 300 ml,Olivieri,Ready To Eat,Fresh Pasta & Pasta Sauce,Pantry,2,"Pasta, Mexican, noodles or aisle-2 frozen specialties",medium
213471,058441003562,Olivieri Basil & Cheese Pesto 160 g,Olivieri,Ready To Eat,Fresh Pasta & Pasta Sauce,Pantry,2,"Pasta, Mexican, noodles or aisle-2 frozen specialties",medium
848598,058441900007,Olivieri Duo Tortellini Fresh Ricotta & Spinach Twin Family Pack 1.1 kg,Olivieri,Ready To Eat,Fresh Pasta & Pasta Sauce,Fresh Pasta,2,"Pasta, Mexican, noodles or aisle-2 frozen specialties",medium
848584,058441500092,Olivieri Fresh Ravioli Ricotta & Spinach 450 g,Olivieri,Ready To Eat,Fresh Pasta & Pasta Sauce,Fresh Pasta,2,"Pasta, Mexican, noodles or aisle-2 frozen specialties",medium
962648,058441900830,Olivieri Gnocchi Cheddar Bacon 520 g,OLIVIERI,Ready To Eat,Fresh Pasta & Pasta Sauce,Fresh Pasta,2,"Pasta, Mexican, noodles or aisle-2 frozen specialties",medium
677612,058441500153,Olivieri Gnocchi Cheese Filled Skillet 280 g,Olivieri,Ready To Eat,Fresh Pasta & Pasta Sauce,Fresh Pasta,2,"Pasta, Mexican, noodles or aisle-2 frozen specialties",medium
848600,058441900465,Olivieri Pasta Sacchettini Bacon & Cheese 900 g,Olivieri,Ready To Eat,Fresh Pasta & Pasta Sauce,Fresh Pasta,2,"Pasta, Mexican, noodles or aisle-2 frozen specialties",medium
848596,058441462963,Olivieri Pasta Tortellini (Twin) Chicken & Bacon 450 g,Olivieri,Ready To Eat,Fresh Pasta & Pasta Sauce,Fresh Pasta,2,"Pasta, Mexican, noodles or aisle-2 frozen specialties",medium
962128,058441900816,Olivieri Pesto Mozzarella Skillet Gnocchi 280 g,Olivieri,Ready To Eat,Fresh Pasta & Pasta Sauce,Fresh Pasta,2,"Pasta, Mexican, noodles or aisle-2 frozen specialties",medium
1457743,058441901158,Olivieri Proscto & Parmesan Ravo Pasta 500 g,Olivieri,Ready To Eat,Fresh Pasta & Pasta Sauce,,2,"Pasta, Mexican, noodles or aisle-2 frozen specialties",medium
331953,058441900885,Olivieri Skillet Gnocchi Real Cheese 520 g,Olivieri,Ready To Eat,Fresh Pasta & Pasta Sauce,Fresh Pasta,2,"Pasta, Mexican, noodles or aisle-2 frozen specialties",medium
472308,058441900557,Olivieri Skillet Gnocchi Tomato & Mozzarella 280 g,Olivieri,Ready To Eat,Fresh Pasta & Pasta Sauce,Fresh Pasta,2,"Pasta, Mexican, noodles or aisle-2 frozen specialties",medium
302663,058441004217,Olivieri Tortellini 3 Formaggi 500 g,Olivieri,Ready To Eat,Fresh Pasta & Pasta Sauce,Fresh Pasta,2,"Pasta, Mexican, noodles or aisle-2 frozen specialties",medium
302965,058441402952,Olivieri Tortellini Beef Value Size 500 g,Olivieri,Ready To Eat,Fresh Pasta & Pasta Sauce,Fresh Pasta,2,"Pasta, Mexican, noodles or aisle-2 frozen specialties",medium
1395565,058441901103,Olivieri Tortellini Pasta Pizza Pepperoni Flavoured 450 g,Olivieri,Ready To Eat,Fresh Pasta & Pasta Sauce,,3,"Frozen meals, pizza, sides or vegetables",medium
848607,058441900472,Olivieri Tortellini Prosciutto & Cheese (Twin) 450 g,Olivieri,Ready To Eat,Fresh Pasta & Pasta Sauce,Fresh Pasta,2,"Pasta, Mexican, noodles or aisle-2 frozen specialties",medium
302987,058441004200,Olivieri Tortellini Rainbow 3 Formaggi Twin Pack 500 g,Olivieri,Ready To Eat,Fresh Pasta & Pasta Sauce,Fresh Pasta,2,"Pasta, Mexican, noodles or aisle-2 frozen specialties",medium
259701,071117023060,Reser's Fine Foods Main St. Bistro Scalloped Potatoes 567 g,Reser's Fine Foods,Ready To Eat,Ready To Eat Entrees & Sides,,other,Fresh/refrigerated or separate store section,medium
155819,071117612653,Reser's Fine Foods Main St. Bistro Signature Mashed Potatoes 680 g,Reser's Fine Foods,Ready To Eat,Ready To Eat Entrees & Sides,,other,Fresh/refrigerated or separate store section,medium
684173,071117021325,Reser's Fine Foods Sensational Sides Cheddar Broccoli Au Gratin 340 g,Reser's Fine Foods,Ready To Eat,Ready To Eat Entrees & Sides,,other,Fresh/refrigerated or separate store section,medium
934374,"063100285708,631002857080",Schneiders Snack Kit Dry Cured Salami Genoa 75 g,Schneiders,Ready To Eat,Lunch & Snack Kits,,other,Fresh/refrigerated or separate store section,medium
934370,063100285715,Schneiders Snack Kit Dry Cured Salami Red Wine 75 g,Schneiders,Ready To Eat,Lunch & Snack Kits,,other,Fresh/refrigerated or separate store section,medium
934371,"063100285692,631002856922",Schneiders Snack Kit Salami Dry Cured Italian 75 g,Schneiders,Ready To Eat,Lunch & Snack Kits,,other,Fresh/refrigerated or separate store section,medium
524906,774310869403,AA-1  California Squid 1 KG,,Seafood,Frozen Seafood,Pantry,2,"Store-confirmed rule: frozen fish, squid and other frozen seafood belong in Aisle 2",high
911102,774310868307,AA-1 Baby Tuna 680 g,AA-1,Seafood,Frozen Seafood,Frozen,2,"Store-confirmed rule: frozen fish, squid and other frozen seafood belong in Aisle 2",high
524909,774310868833,AA-1 Frozen Fish Round Scad 450 g,AA-1,Seafood,Frozen Seafood,Frozen,2,"Pasta, Mexican, noodles or aisle-2 frozen specialties",medium
911105,774310870621,AA-1 Hasa Hasa Frozen Indian Mackerel 450 g,AA-1,Seafood,Fish,Frozen Seafood,2,"Store-confirmed rule: frozen fish, squid and other frozen seafood belong in Aisle 2",high
951118,663925101124,Anchor Bay Frozen Cooked Clam Meat 340 g,Anchor's Bay Seafood,Seafood,Frozen Seafood,Frozen,2,"Store-confirmed rule: frozen fish, squid and other frozen seafood belong in Aisle 2",high
952439,663925101056,Anchor's Bay Frozen Seafood Medley 360 g,Anchor's Bay Seafood,Seafood,Frozen Seafood,Frozen,2,"Store-confirmed rule: frozen fish, squid and other frozen seafood belong in Aisle 2",high
952438,663925101049,Anchor's Bay Seafood Frozen Mussels Meat 340 g,Anchor's Bay Seafood,Seafood,Frozen Seafood,Frozen,2,"Store-confirmed rule: frozen fish, squid and other frozen seafood belong in Aisle 2",high
1383737,055742581942,Best Buy Frozen Medallions Scallop Uncooked 340 g,Best Buy,Seafood,Frozen Seafood,Frozen,2,"Store-confirmed rule: frozen fish, squid and other frozen seafood belong in Aisle 2",high
849412,055742569056,Best Buy Frozen Shrimp Pacific White Peeled Tail-On 300 g,Best Buy,Seafood,Frozen Seafood,Frozen,2,"Store-confirmed rule: frozen fish, squid and other frozen seafood belong in Aisle 2",high
849679,055742569049,Best Buy Frozen Shrimp Pacific White Peeled Tail-On Raw 300 g,Best Buy,Seafood,Frozen Seafood,Frozen,2,"Store-confirmed rule: frozen fish, squid and other frozen seafood belong in Aisle 2",high
526030,774310693084,Bulacan Frozen Grated Cassava 454 g,Bulacan,Seafood,Frozen Seafood,Frozen,meat,Fresh/refrigerated or separate store section,medium
526130,774310693176,Bulacan Frozen Shredded Young Coconut 454 g,Bulacan,Seafood,Frozen Seafood,Frozen,meat,Fresh/refrigerated or separate store section,medium
646884,774310691202,Bulacan Frozen Sweet Longanisa 375 g,Bulacan,Seafood,Frozen Seafood,Meat,meat,Fresh/refrigerated or separate store section,medium
646882,774310691103,Bulacan Hot Longanisa Cured Sausage 375 g,Bulacan,Seafood,Frozen Seafood,Meat,2,"Pasta, Mexican, noodles or aisle-2 frozen specialties",medium
676334,774310691301,Bulacan Pork Tosino 375 g (frozen),Bulacan,Seafood,Frozen Seafood,Meat,meat,Fresh/refrigerated or separate store section,medium
920801,055742568318,Compliments Frozen Bay Scallops Raw 340 g,Compliments,Seafood,Frozen Seafood,Frozen,meat,Fresh/refrigerated or separate store section,medium
434615,055742502732,Compliments Frozen Cooked Peeled Tail On Pacific White Shrimp 31-40 Count 340 g,Compliments,Seafood,Frozen Seafood,Frozen,2,"Store-confirmed rule: frozen fish, squid and other frozen seafood belong in Aisle 2",high
435131,055742557138,Compliments Frozen Pacific White Shrimp Raw Peeled Deveined 340 g,Compliments,Seafood,Frozen Seafood,Frozen,2,"Store-confirmed rule: frozen fish, squid and other frozen seafood belong in Aisle 2",high
1295301,055742578508,Compliments Frozen Pacific White Shrimp Ring Cooked With Sauce 255 g,Compliments,Seafood,Frozen Seafood,Frozen,2,"Store-confirmed rule: frozen fish, squid and other frozen seafood belong in Aisle 2",high
358255,055742530766,Compliments Frozen Shrimp Ring Cooked With Sauce 41/50 Count 680 g,Compliments,Seafood,Frozen Seafood,Frozen,2,"Store-confirmed rule: frozen fish, squid and other frozen seafood belong in Aisle 2",high
322164,055742525984,Compliments Frozen Shrimp Ring With Cocktail Sauce 737 g,Compliments,Seafood,Frozen Seafood,Frozen,2,"Store-confirmed rule: frozen fish, squid and other frozen seafood belong in Aisle 2",high
434572,055742337440,Compliments Frozen Uncooked Pacific White Shrimp 31-40 Count 340 g,Compliments,Seafood,Frozen Seafood,Frozen,2,"Store-confirmed rule: frozen fish, squid and other frozen seafood belong in Aisle 2",high
450302,055742358421,Compliments Frozen White Shrimp Ring With Sauce 312 g,Compliments,Seafood,Frozen Seafood,Frozen,2,"Store-confirmed rule: frozen fish, squid and other frozen seafood belong in Aisle 2",high
1344785,055742581492,Compliments Frozen Wild Lobster Claws New Brunswick 454 g,Compliments,Seafood,Frozen Seafood,Frozen,2,"Store-confirmed rule: frozen fish, squid and other frozen seafood belong in Aisle 2",high
1344288,055742581508,Compliments Frozen Wild Snow Crab Clusters Fully Cooked Newfoundland & Labrador 454 g,Compliments,Seafood,Frozen Seafood,Frozen,2,"Store-confirmed rule: frozen fish, squid and other frozen seafood belong in Aisle 2",high
851928,627985000131,Eight Treasures Frozen Pacific Shrimp Peeled And Cooked White 91/120 340 g,Eight Treasures,Seafood,Frozen Seafood,Frozen,2,"Store-confirmed rule: frozen fish, squid and other frozen seafood belong in Aisle 2",high
455071,627985000070,Eight Treasures Frozen Shrimp Raw Head On 40-50 Count 400 g,Eight Treasures,Seafood,Frozen Seafood,Frozen,2,"Store-confirmed rule: frozen fish, squid and other frozen seafood belong in Aisle 2",high
592574,636261197656,Goldilocks Frozen Asado Buns Pork 580 g,Goldilocks,Seafood,Frozen Seafood,Frozen,meat,Fresh/refrigerated or separate store section,medium
592584,636261198653,Goldilocks Frozen Bun Siopao Chicken Asado 580 g,Goldilocks,Seafood,Frozen Seafood,Frozen,meat,Fresh/refrigerated or separate store section,medium
592683,806840001555,Goldilocks Frozen Half Roll Choco Overload 480 g,Goldilocks,Seafood,Frozen Seafood,International Foods,meat,Fresh/refrigerated or separate store section,medium
592402,636261384513,Goldilocks Frozen Shu-Mai Dumpling Pork 454 g,Goldilocks,Seafood,Frozen Seafood,International Foods,2,"Pasta, Mexican, noodles or aisle-2 frozen specialties",medium
592653,806840001579,Goldilocks Half Roll Mocha 370 g,Goldilocks,Seafood,Frozen Seafood,International Foods,meat,Fresh/refrigerated or separate store section,medium
356947,678044000920,Green Ocean Frozen Wild Argentinian Shrimp 300 g,Green Ocean,Seafood,Frozen Seafood,Frozen,2,"Store-confirmed rule: frozen fish, squid and other frozen seafood belong in Aisle 2",high
1416643,678044002344,Green Ocean Raw 12/15 Count Shrimp 300g,Green Ocean,Seafood,Frozen Seafood,Frozen,2,"Store-confirmed rule: frozen fish, squid and other frozen seafood belong in Aisle 2",high
33418,628827002832,IFC Frozen Lobster Tails 2 x 100 g,IFC,Seafood,Frozen Seafood,Frozen,2,"Store-confirmed rule: frozen fish, squid and other frozen seafood belong in Aisle 2",high
565366,806840000503,Manila's Best Frozen Grated Cassava 454 g,Maynilas Choice,Seafood,Frozen Seafood,International Foods,meat,Fresh/refrigerated or separate store section,medium
298162,041625215035,Matlaws Scallops Stuffed 425 g (frozen),Matlaws,Seafood,Frozen Seafood,Frozen,meat,Fresh/refrigerated or separate store section,medium
275699,041625115038,Matlaws Stuffed Clams 425 g (frozen),Matlaws,Seafood,Frozen Seafood,Frozen,meat,Fresh/refrigerated or separate store section,medium
593251,806840002699,Maynila's Choice Frozen Fish Baby Daing Bangus Milkfish Calamansi 400 g,Maynila's Choice,Seafood,Frozen Seafood,International Foods,2,"Pasta, Mexican, noodles or aisle-2 frozen specialties",medium
593252,806840002842,Maynila's Choice Frozen Fish Marinated Milkfish Large 500 g,Maynila's Choice,Seafood,Frozen Seafood,International Foods,2,"Pasta, Mexican, noodles or aisle-2 frozen specialties",medium
593253,806840002675,Maynila's Choice Frozen Fish SDB Deboned Smoked Milkfish 500 g,Maynila's Choice,Seafood,Frozen Seafood,International Foods,2,"Pasta, Mexican, noodles or aisle-2 frozen specialties",medium
593250,806840002682,Maynila's Choice Frozen Fish Whole Baby Milkfish 909 g,Maynila's Choice,Seafood,Frozen Seafood,International Foods,2,"Pasta, Mexican, noodles or aisle-2 frozen specialties",medium
586121,806840002637,Maynila's Choice Frozen Marinated Milkfish Baby Daing Bangus 500 g,Maynilas,Seafood,Frozen Seafood,International Foods,2,"Store-confirmed rule: frozen fish, squid and other frozen seafood belong in Aisle 2",high
586120,806840002668,Maynila's Choice Frozen Milkfish Bangus Belly 500 g,Maynilas,Seafood,Frozen Seafood,International Foods,2,"Store-confirmed rule: frozen fish, squid and other frozen seafood belong in Aisle 2",high
586126,806840000800,Maynila's Choice Frozen Round Scad Galunggong Wild Caught 500 g,Maynilas,Seafood,Frozen Seafood,International Foods,2,"Store-confirmed rule: frozen fish, squid and other frozen seafood belong in Aisle 2",high
565317,806840002415,Maynila's Choice Frozen Squid In Box 400 g,Maynilas Choice,Seafood,Frozen Seafood,International Foods,2,"Store-confirmed rule: frozen fish, squid and other frozen seafood belong in Aisle 2",high
219183,806840004013,Maynilas Choice  Red Chili 250 g,Maynilas Choice,Seafood,Frozen Seafood,International Foods,meat,Fresh/refrigerated or separate store section,medium
1444113,806840000909,Maynilas Choice Basa Steaks,,Seafood,Frozen Seafood,,2,"Store-confirmed rule: frozen fish, squid and other frozen seafood belong in Aisle 2",high
586117,806840002651,Maynilas Large Marinated Milkfish 500 g,Maynilas,Seafood,Frozen Seafood,International Foods,2,"Store-confirmed rule: frozen fish, squid and other frozen seafood belong in Aisle 2",high
586124,806840002644,Maynilas Large Non Marinated Milkfish 500 g,Maynilas,Seafood,Frozen Seafood,International Foods,2,"Store-confirmed rule: frozen fish, squid and other frozen seafood belong in Aisle 2",high
1342504,806840005089,Mekeni Kikiam Frozen Fish Rolls 1 kg,Mekeni,Seafood,Frozen Seafood,,2,"Pasta, Mexican, noodles or aisle-2 frozen specialties",medium
360308,"777696001405,777696001207",Mussel King Frozen All Natural PEI Mussels 454 g,Mussel King,Seafood,Frozen Seafood,Frozen,2,"Store-confirmed rule: frozen fish, squid and other frozen seafood belong in Aisle 2",high
360307,"777696001450,777696001252",Mussel King Frozen Mussels In White Wine & Herb Sauce 454 g,Mussel King,Seafood,Frozen Seafood,Frozen,2,"Store-confirmed rule: frozen fish, squid and other frozen seafood belong in Aisle 2",high
370965,777696001429,Mussel King PEI Frozen Mussels in Garlic Butter Sauce 454 g,Mussel King,Seafood,Frozen Seafood,Frozen,2,"Store-confirmed rule: frozen fish, squid and other frozen seafood belong in Aisle 2",high
593152,806840003153,Napakasarap Frozen Egg Rolls Lumpia Pork Pampanga Style 454 g,Napakasarap,Seafood,Frozen Seafood,Frozen,meat,Fresh/refrigerated or separate store section,medium
593170,806840003122,Napakasarap Mini Pork Lumpia Pampanga Style 908 g,Napakasarap,Seafood,Frozen Seafood,Frozen,meat,Fresh/refrigerated or separate store section,medium
565381,716221055643,Paradise Frozen Steamed Saba 454 g,Paradise,Seafood,Frozen Seafood,International Foods,meat,Fresh/refrigerated or separate store section,medium
1342634,079041803857,Purefoods Tender Juicy Hotdog 340 g,Purefoods,Seafood,Frozen Seafood,,meat,Fresh/refrigerated or separate store section,medium
911890,074310690107,Quality Pampanga Beef Blood 375 ml,Quality Pampanga,Seafood,Frozen Seafood,Meat,meat,Fresh/refrigerated or separate store section,medium
526540,774310878528,Sarangani Bay Marinated Milkfish 325 g,Alsons,Seafood,Fish,Frozen Seafood,2,"Store-confirmed rule: frozen fish, squid and other frozen seafood belong in Aisle 2",high
526541,774310878702,Sarangani Smoked Deboned Milkfish 345 g,Sarangani,Seafood,Frozen Seafood,Pantry,2,"Store-confirmed rule: frozen fish, squid and other frozen seafood belong in Aisle 2",high
1293395,074410849528,Shirakiku Frozen Cooked Gyudon Beef 250 g,Shirakiku,Seafood,Frozen Seafood,Frozen,meat,Fresh/refrigerated or separate store section,medium
1293392,074410920180,Shirakiku Frozen Imitation Crab Stick For Sushi 500 g,Shirakiku,Seafood,Frozen Seafood,Frozen,2,"Store-confirmed rule: frozen fish, squid and other frozen seafood belong in Aisle 2",high
1342632,628347900915,Siwin Frozen Pork Longanisa Skinless Hot 375 g,Siwin,Seafood,Frozen Seafood,,meat,Fresh/refrigerated or separate store section,medium
1292394,628347901387,Siwin Frozen Pork Sausage Taiwanese Style 375 g,Siwin,Seafood,Frozen Seafood,Frozen,2,"Pasta, Mexican, noodles or aisle-2 frozen specialties",medium
1292393,628347901394,Siwin Frozen Pork Sausage Taiwanese Style Garlic 375 g,Siwin,Seafood,Frozen Seafood,Frozen,2,"Pasta, Mexican, noodles or aisle-2 frozen specialties",medium
1342631,628347900908,Siwin Skinless Sweet Pork Longanisa 375 g,Siwin,Seafood,Frozen Seafood,,meat,Fresh/refrigerated or separate store section,medium
981521,"872425001821,068689152373,628827002863",Toppits Frozen Snow Crab Legs Fully Cooked 454 g,Toppits,Seafood,Frozen Seafood,Frozen,2,"Store-confirmed rule: frozen fish, squid and other frozen seafood belong in Aisle 2",high
1444320,732388972449,Viva  Chicky Cheese Sausage 450 G,Viva,Seafood,Frozen Seafood,,2,"Pasta, Mexican, noodles or aisle-2 frozen specialties",medium
887635,019962812934,Viva Hotdog Cheesy Juicy 600 g,Viva,Seafood,Frozen Seafood,International Foods,meat,Fresh/refrigerated or separate store section,medium
887633,752830423756,Viva Meaty Juicy Hotdog 600 g,Viva,Seafood,Frozen Seafood,International Foods,meat,Fresh/refrigerated or separate store section,medium
172428,064900408403,5 Sugar-Free Chewing Gum Peppermint-Cobalt 15 Sticks 1 Pack,5,Snacks & Candy,Candy & Chocolate,Gum,9,"Snack, candy or soft drink",medium
172426,064900408380,5 Sugar-Free Chewing Gum Spearmint-Rain 15 Sticks 1 Pack,5,Snacks & Candy,Candy & Chocolate,Gum,9,"Snack, candy or soft drink",medium
107301,041570032626,Blue Diamond Gluten-Free Almonds Smokehouse 170 g,Blue Diamond,Snacks & Candy,"Nuts, Seeds & Trail Mixes",Nuts,9,"Snack, candy or soft drink",medium
276972,722252606426,Builders Protein Bars Chocolate Flavour 20 g of Protein 68 g,Builders,Snacks & Candy,"Energy, Granola & Cereal Bars",Pharmacy & Wellness,9,"Snack, candy or soft drink",medium
276966,722252606419,Builders Protein Bars Chocolate Peanut Butter Flavour 20 g of Protein 68 g,Builders,Snacks & Candy,"Energy, Granola & Cereal Bars",Pharmacy & Wellness,9,"Snack, candy or soft drink",medium
209910,061200225969,Cadbury Caramilk Chocolate Bar Family Size 100 g,Caramilk,Snacks & Candy,Candy & Chocolate,Chocolate Bars,9,"Snack, candy or soft drink",medium
1313810,061200018684,Cadbury Dairy Milk Milk Chocolate Bars Of 8 X 18 g Mini Bars Bag 144 g,Cadbury,Snacks & Candy,Candy & Chocolate,Chocolate Bars,9,"Snack, candy or soft drink",medium
869148,060410061107,Cheetos Popcorn Cheddar 180 g,Cheetos,Snacks & Candy,Chips,Cheese Flavoured Snacks,9,"Snack, candy or soft drink",medium
1319359,060410080610,Cheetos Puffs Snacks Cheese Flavoured Value Size 410 g,Cheetos,Snacks & Candy,Chips,Cheese Flavoured Snacks,9,"Snack, candy or soft drink",medium
1294155,060410076606,Cheetos Vegan Corn Snacks White Cheddar 230 g,Cheetos,Snacks & Candy,Chips,Cheese Flavoured Snacks,9,"Snack, candy or soft drink",medium
815078,055742549737,Compliments Almonds Covered Milk Chocolate 900 g,Compliments,Snacks & Candy,Candy & Chocolate,Chocolate Covered Nuts & Fruit,9,"Snack, candy or soft drink",medium
698750,055742546859,Compliments Almonds Natural 200 g,Compliments,Snacks & Candy,"Nuts, Seeds & Trail Mixes",Nuts,9,"Snack, candy or soft drink",medium
698749,055742546927,Compliments Almonds Roasted And Salted 200 g,Compliments,Snacks & Candy,"Nuts, Seeds & Trail Mixes",Nuts,9,"Snack, candy or soft drink",medium
494025,055742540239,Compliments Dipped Granola Bars Chocolate Fudge 172 g,Compliments,Snacks & Candy,"Energy, Granola & Cereal Bars",Granola Bars,9,"Snack, candy or soft drink",medium
350407,055742529920,Compliments Granola Bars Chewy Tenders Chocolate Chip 24 Bars 630 g,Compliments,Snacks & Candy,"Energy, Granola & Cereal Bars",Granola Bars,9,"Snack, candy or soft drink",medium
350411,055742529944,Compliments Granola Bars Dipped Chocolate Chip 560 g,Compliments,Snacks & Candy,"Energy, Granola & Cereal Bars",Granola Bars,9,"Snack, candy or soft drink",medium
350415,055742529906,Compliments Granola Bars Dipped Variety Pack 589 g,Compliments,Snacks & Candy,"Energy, Granola & Cereal Bars",Granola Bars,9,"Snack, candy or soft drink",medium
6981,055742572568,Compliments Kettle Cooked Potato Chips Jalapeño 200 g,Compliments,Snacks & Candy,Chips,Kettle Chips,9,"Snack, candy or soft drink",medium
5652,055742574098,Compliments Kettle Popcorn Sweet & Salty Value Size 510 g,Compliments,Snacks & Candy,Popcorn,Ready to Eat Popcorn,9,"Snack, candy or soft drink",medium
222658,055742504217,Compliments Microwave Popping Corn Butter 564 g,Compliments,Snacks & Candy,Popcorn,Popping Corn,9,"Snack, candy or soft drink",medium
222656,055742504224,Compliments Microwave Popping Corn Extra Butter 6 Pack 94 g,Compliments,Snacks & Candy,Popcorn,Popping Corn,9,"Snack, candy or soft drink",medium
129726,055742371116,Compliments Milk Chocolate Covered Almonds 400 g,Compliments,Snacks & Candy,Candy & Chocolate,Chocolate Covered Nuts & Fruit,9,"Snack, candy or soft drink",medium
605110,055742552041,Compliments Movie Theatre Popcorn Butter 190 g,Compliments,Snacks & Candy,Popcorn,Ready to Eat Popcorn,9,"Snack, candy or soft drink",medium
411716,055742551969,Compliments Peanuts Kettle Cooked Lime & Chili 275 g,Compliments,Snacks & Candy,"Nuts, Seeds & Trail Mixes",Nuts,9,"Snack, candy or soft drink",medium
235242,055742503487,Compliments Peanuts Roasted & Salted 600 g,Compliments,Snacks & Candy,"Nuts, Seeds & Trail Mixes",Nuts,9,"Snack, candy or soft drink",medium
605082,055742552003,Compliments Popcorn Kettle Corn Sweet & Salty 220 g,Compliments,Snacks & Candy,Popcorn,Ready to Eat Popcorn,9,"Snack, candy or soft drink",medium
605083,055742552010,Compliments Popcorn Mix Caramel & Cheddar 200 g,Compliments,Snacks & Candy,Popcorn,Ready to Eat Popcorn,9,"Snack, candy or soft drink",medium
605078,055742551488,Compliments Popcorn Pop Simple 190 g,Compliments,Snacks & Candy,Popcorn,Ready to Eat Popcorn,9,"Snack, candy or soft drink",medium
207770,055742500714,Compliments Popping Corn Butter Flavour 3 x 94 g,Compliments,Snacks & Candy,Popcorn,Popping Corn,9,"Snack, candy or soft drink",medium
207773,055742500721,Compliments Popping Corn Extra Butter 3 x 94 g,Compliments,Snacks & Candy,Popcorn,Popping Corn,9,"Snack, candy or soft drink",medium
364649,055742531435,Compliments Tortilla Chips Restaurant Style With Sea Salt 250 g,Compliments,Snacks & Candy,Chips,Tortilla Chips,2,"Pasta, Mexican, noodles or aisle-2 frozen specialties",medium
364648,055742531442,Compliments Tortilla Chips Yellow Corn Rounds 250 g,Compliments,Snacks & Candy,Chips,Tortilla Chips,2,"Pasta, Mexican, noodles or aisle-2 frozen specialties",medium
268302,060410004678,Cracker Jack Original Popcorn Caramel Coated And Peanuts 75 g,Cracker Jack,Snacks & Candy,Popcorn,Ready to Eat Popcorn,9,"Snack, candy or soft drink",medium
79869,060410039366,Cracker Jack Original Popcorn and Peanuts Caramel Coated 200 g,Cracker Jack,Snacks & Candy,Popcorn,Ready to Eat Popcorn,9,"Snack, candy or soft drink",medium
43438,059800750486,Crunch Chocolate RA Cookie 100 g,Crunch,Snacks & Candy,Candy & Chocolate,Candy,9,"Snack, candy or soft drink",medium
203020,055653238607,Dare Real Fruit Plant Based Gummies Superfruits 180 g,Dare Candy Co.,Snacks & Candy,Candy & Chocolate,Candy,9,"Snack, candy or soft drink",medium
327405,055653218609,Dare Real Fruit Plant Based Gummies Tropical 180 g,Dare Candy Co.,Snacks & Candy,Candy & Chocolate,Candy,9,"Snack, candy or soft drink",medium
653445,060410053928,Doritos Tortilla Chips Flamin' Hot Nacho 210 g,DORITOS,Snacks & Candy,Chips,Tortilla Chips,2,"Pasta, Mexican, noodles or aisle-2 frozen specialties",medium
1006380,060410076460,Doritos Tortilla Chips Spicy Garlic Flavoured 210 g,Doritos,Snacks & Candy,"Nuts, Seeds & Trail Mixes",Chips,2,"Pasta, Mexican, noodles or aisle-2 frozen specialties",medium
231536,064900422164,Excel Sugar Free Teeth Whitening Chewing Gum White Spearmint Flavoured Bottle of 60 Pieces 1 EA,Excel,Snacks & Candy,Candy & Chocolate,Gum,9,"Snack, candy or soft drink",medium
214896,064900409417,Excel Winterfresh Flavoured Mints 34g 1 EA,Excel,Snacks & Candy,Candy & Chocolate,Mints,9,"Snack, candy or soft drink",medium
207007,678523040072,Glutino Gluten-Free Pretzel Twists 400 g,Glutino,Snacks & Candy,Chips,Pretzels,9,"Snack, candy or soft drink",medium
34325,840659002105,Good Fats Protein Bar Cookie Dough 55 g,Good Fats,Snacks & Candy,"Energy, Granola & Cereal Bars",Pharmacy & Wellness,9,"Snack, candy or soft drink",medium
34363,847534003271,Grenade Protein Bar Caramel Chaos 60 g,Grenade,Snacks & Candy,"Energy, Granola & Cereal Bars",Pharmacy & Wellness,9,"Snack, candy or soft drink",medium
34334,847534004261,Grenade Protein Bar Chocolate Chip Salted Caramel 60 g,Grenade,Snacks & Candy,"Energy, Granola & Cereal Bars",Pharmacy & Wellness,9,"Snack, candy or soft drink",medium
34204,847534004513,Grenade Protein Bar Oreo Cookie 60 g,Grenade,Snacks & Candy,"Energy, Granola & Cereal Bars",Pharmacy & Wellness,9,"Oreo cookies, snacks and related products: Aisle 9 (confirmed store rule)",high
31976,068000782302,Hershey Oh Henry! Chocolate Pouch 200 g,Hershey,Snacks & Candy,Candy & Chocolate,Individual Chocolates,9,"Snack, candy or soft drink",medium
436763,064900000881,Hubba Bubba Bubble Gum Outrageous Original 5 Pieces 1 Pack,Hubba Bubba,Snacks & Candy,Candy & Chocolate,Gum,9,"Snack, candy or soft drink",medium
15494,193908007353,Kellogg RXBAR Bars Chocolate Sea Salt 260 g,Kellogg,Snacks & Candy,"Energy, Granola & Cereal Bars",Pharmacy & Wellness,9,"Snack, candy or soft drink",medium
15484,193908007001,Kellogg RXBAR Minis Bars Snack Size 208 g,Kellogg,Snacks & Candy,"Energy, Granola & Cereal Bars",Pharmacy & Wellness,9,"Snack, candy or soft drink",medium
214601,064100281028,Kellogg's Nutrigrain Cereal Bars Apple Cinnamon 8 x 37 g,Kellogg's,Snacks & Candy,"Energy, Granola & Cereal Bars",Cereal Bars,9,"Snack, candy or soft drink",medium
214604,064100282025,Kellogg's Nutrigrain Cereal Bars Blueberry 8 x 37 g,Kellogg's,Snacks & Candy,"Energy, Granola & Cereal Bars",Cereal Bars,9,"Snack, candy or soft drink",medium
214605,064100283022,Kellogg's Nutrigrain Cereal Bars Raspberry 8 Pack 295 g,Kellogg's,Snacks & Candy,"Energy, Granola & Cereal Bars",Cereal Bars,9,"Snack, candy or soft drink",medium
231587,064100498129,Kellogg's Special K Fruit Crisps Strawberry 125 g,Kellogg's,Snacks & Candy,"Energy, Granola & Cereal Bars",Cereal Bars,9,"Snack, candy or soft drink",medium
201808,812542005050,Kernels Popcorn Seasoning Ketchup 125 g,Kernels,Snacks & Candy,Popcorn,Ready to Eat Popcorn,9,"Snack, candy or soft drink",medium
328337,062020000057,Kinder Surprise Pink Single Egg Milk Chocolate With Milky Lining 20 g,Kinder Surprise,Snacks & Candy,Candy & Chocolate,Individual Chocolates,9,"Snack, candy or soft drink",medium
538488,059800201742,Kit Kat Chunky Wafer Bars Milk Chocolate 4 x 49 g,Kit Kat,Snacks & Candy,Candy & Chocolate,Chocolate Bars,9,"Snack, candy or soft drink",medium
566195,037466038612,Lindt Excellence Chocolate Bar Dark Sea Salt 100 g,Lindt,Snacks & Candy,Candy & Chocolate,Chocolate Bars,9,"Snack, candy or soft drink",medium
1316865,743434018646,Lindt Excellence Chocolate Bar Fusion 70% Cacao & White 100 g,Lindt,Snacks & Candy,Candy & Chocolate,Chocolate Bars,9,"Snack, candy or soft drink",medium
749184,743434009477,Lindt Excellence Dark Chocolate Bar 78% Cacao 100 g,Lindt,Snacks & Candy,Candy & Chocolate,Chocolate Bars,9,"Snack, candy or soft drink",medium
566196,037466041339,Lindt Excellence Dark Chocolate Bar 90% Cacao 100 g,Lindt,Snacks & Candy,Candy & Chocolate,Chocolate Bars,9,"Snack, candy or soft drink",medium
1316868,743434017694,Lindt Excellence Dark Chocolate Bar Pistachio 100 g,Lindt,Snacks & Candy,Candy & Chocolate,Chocolate Bars,9,"Snack, candy or soft drink",medium
953591,743434011234,Lindt Lindor Chocolate Bar Extra Dark 100 g,Lindt,Snacks & Candy,Candy & Chocolate,Chocolate Bars,9,"Snack, candy or soft drink",medium
953592,743434011043,Lindt Lindor Milk Chocolate Bar 100 g,Lindt,Snacks & Candy,Candy & Chocolate,Chocolate Bars,9,"Snack, candy or soft drink",medium
34323,840659002143,Love Good Fats Protein Bar Chocolate Caramel 55 g,Love Good Fats,Snacks & Candy,"Energy, Granola & Cereal Bars",Pharmacy & Wellness,9,"Snack, candy or soft drink",medium
34350,840659002068,Love Good Fats Protein Bar Creamy Peanut Caramel 55 g,Love Good Fats,Snacks & Candy,"Energy, Granola & Cereal Bars",Pharmacy & Wellness,9,"Snack, candy or soft drink",medium
24672,057700017272,Maynards Candy Sour Patch Kids 150 g,SOUR PATCH KIDS,Snacks & Candy,Candy & Chocolate,Candy,9,"Snack, candy or soft drink",medium
27533,057700017906,Maynards Candy Wine Gums 154 g,Maynards,Snacks & Candy,Candy & Chocolate,Candy,9,"Snack, candy or soft drink",medium
93482,073390000165,Mentos Candy Chewey Mint Roll Mixed Fruit  37 g,Mentos,Snacks & Candy,Candy & Chocolate,Candy,9,"Snack, candy or soft drink",medium
344704,073390007485,Mentos Gum Sugar Free Pure Fresh Spearmint 50 Pieces,Mentos,Snacks & Candy,Candy & Chocolate,Gum,9,"Snack, candy or soft drink",medium
890863,060410061510,Miss Vickie's Cooked Potato Chips Sweet & Spicy Ketchup Flavour Kettle 190 g,Miss Vickie's,Snacks & Candy,Chips,Kettle Chips,9,"Snack, candy or soft drink",medium
330013,060410074404,Miss Vickie's Kettle Cooked Chips Sea Salt & Malt Vinegar 59 g,Miss Vickie's,Snacks & Candy,Chips,Kettle Chips,9,"Snack, candy or soft drink",medium
1319363,060410080467,Miss Vickie's Kettle Cooked Potato Chips Original Recipe Value Size 325 g,Miss Vickie's,Snacks & Candy,Chips,Kettle Chips,9,"Snack, candy or soft drink",medium
647642,060410053317,Miss Vickie’s Kettle Cooked Potato Chips Spicy Dill Pickle 200 g,Miss Vickie's,Snacks & Candy,Chips,Kettle Chips,9,"Snack, candy or soft drink",medium
1319365,060410080405,Munchies Original Snack Mix Value Size 450 g,Munchies,Snacks & Candy,Chips,Snack Mixes,9,"Snack, candy or soft drink",medium
1297130,060410078075,Munchies Popcorn Cheeky Cheddar Flavoured 140 g,Munchies,Snacks & Candy,Chips,Snack Mixes,9,"Snack, candy or soft drink",medium
1297126,060410078099,Munchies Popcorn Deliciously All Dressed Flavoured 140 g,Munchies,Snacks & Candy,Chips,Snack Mixes,9,"Snack, candy or soft drink",medium
129324,065633128507,Nature Valley Granola Bars Trail Mix Fruit & Nut 5 x 35 g,Nature Valley,Snacks & Candy,"Energy, Granola & Cereal Bars",Granola Bars,9,"Snack, candy or soft drink",medium
509123,059800000116,Nestlé Aero Chocolate Bar Original 42 g,Nestlé,Snacks & Candy,Candy & Chocolate,Chocolate Bars,9,"Snack, candy or soft drink",medium
43448,059800750516,Nestlé Aero Chocolate Truffle Bar Salted Caramel 105 g,Nestlé,Snacks & Candy,Candy & Chocolate,Chocolate Bars,9,"Snack, candy or soft drink",medium
512384,059800094115,Nestlé Aero Milk Chocolate Bar 4 x 42 g,Aero,Snacks & Candy,Candy & Chocolate,Chocolate Bars,9,"Snack, candy or soft drink",medium
509125,059800000215,Nestlé Coffee Crisp Chocolate Wafer Bar 50 g,Nestlé,Snacks & Candy,Candy & Chocolate,Chocolate Bars,9,"Snack, candy or soft drink",medium
460518,062020050526,Nutella & Go Hazelnut Spread With Cocoa + Breadsticks 52 g,Nutella,Snacks & Candy,Candy & Chocolate,Pantry,9,"Snack, candy or soft drink",medium
31559,062020072016,Nutella B-Ready Crispy Wafer Filled With Nutella Hazelnut Spread 22 g,Nutella,Snacks & Candy,Candy & Chocolate,Pantry,9,"Snack, candy or soft drink",medium
520815,066343050638,Old Dutch Popcorn Twists 175 g,Old Dutch,Snacks & Candy,Chips,Cheese Flavoured Snacks,9,"Snack, candy or soft drink",medium
220863,066343050928,Old Dutch Popcorn Twists Salted Toffee 175 g,Old Dutch,Snacks & Candy,Chips,Cheese Flavoured Snacks,9,"Snack, candy or soft drink",medium
338016,058807500896,Orville Redenbacher Gluten-Free Popcorn Extra Buttery 246 g,Orville Redenbacher,Snacks & Candy,Popcorn,Popping Corn,9,"Snack, candy or soft drink",medium
337908,058807500919,Orville Redenbacher Gluten-Free Popcorn Extra Buttery 6 x 82 g,Orville Redenbacher,Snacks & Candy,Popcorn,Popping Corn,9,"Snack, candy or soft drink",medium
577211,058807082392,Orville Redenbacher's Gluten-Free Microwave Popcorn Sweet And Salty 6 x 82 g,Orville Redenbacher,Snacks & Candy,Popcorn,Popping Corn,9,"Snack, candy or soft drink",medium
212350,060410073636,PopCorners Popped-Corn Chips All Dressed 142 g,PopCorners,Snacks & Candy,Popcorn,Ready to Eat Popcorn,9,"Snack, candy or soft drink",medium
681866,060410056240,PopCorners Popped-Corn Chips Spicy Cheddar 142 g,PopCorners,Snacks & Candy,Popcorn,Ready to Eat Popcorn,9,"Snack, candy or soft drink",medium
336214,060410075760,PopCorners Popped-Corn Chips Variety Pack 270 g,PopCorners,Snacks & Candy,Popcorn,Ready to Eat Popcorn,9,"Snack, candy or soft drink",medium
681865,060410056226,PopCorners Popped-Corn Chips White Cheddar 142 g,PopCorners,Snacks & Candy,Popcorn,Ready to Eat Popcorn,9,"Snack, candy or soft drink",medium
7029,060410069752,Popcorners Popped Corn White Cheddar Chips 50 g,Popcorners,Snacks & Candy,Popcorn,Ready to Eat Popcorn,9,"Snack, candy or soft drink",medium
678113,067002310858,Pure Protein Bar Chocolate Peanut Caramel Value Pack 6 x 50 g,Pure Protein,Snacks & Candy,"Energy, Granola & Cereal Bars",Pharmacy & Wellness,9,"Snack, candy or soft drink",medium
329032,067002307827,Pure Protein Bars Chewy Chocolate Chip 6 x 50 g,Pure Protein,Snacks & Candy,"Energy, Granola & Cereal Bars",Pharmacy & Wellness,9,"Snack, candy or soft drink",medium
301743,067002304017,Pure Protein Gluten-Free Bar Chocolate Peanut Butter Value Pack 6 x 50 g,Pure Protein,Snacks & Candy,"Energy, Granola & Cereal Bars",Pharmacy & Wellness,9,"Snack, candy or soft drink",medium
652178,055577120149,Quaker Chewy Granola Bars Apple Fruit Crumble 120 g,Quaker,Snacks & Candy,"Energy, Granola & Cereal Bars",Granola Bars,9,"Snack, candy or soft drink",medium
478668,055577109748,Quaker Dipps Granola Bars Peanut Butter 156 g,Quaker,Snacks & Candy,"Energy, Granola & Cereal Bars",Granola Bars,9,"Snack, candy or soft drink",medium
698597,064777115879,Reddi Snack Candy Jubes Sour 350 g,Reddi Snack,Snacks & Candy,Candy & Chocolate,Candy,9,"Snack, candy or soft drink",medium
714469,064777115596,Reddi Snack Candy Jujubes 400 g,Reddi Snack,Snacks & Candy,Candy & Chocolate,Candy,9,"Snack, candy or soft drink",medium
694414,064777113882,Reddi Snack Candy Sour Soothers 250 g,Reddi Snack,Snacks & Candy,Candy & Chocolate,Candy,9,"Snack, candy or soft drink",medium
448747,056600760394,Reese's Big Cup Peanut Butter 79 g,Reese's,Snacks & Candy,Candy & Chocolate,Individual Chocolates,9,"Snack, candy or soft drink",medium
1322820,056600793989,Reese's Candy + Nougat Bar Snack Size 170 g,Reeses,Snacks & Candy,Candy & Chocolate,Individual Chocolates,9,"Snack, candy or soft drink",medium
1316862,056600794009,Reese's Chocolate Peanut Butter Cup With Caramel Snack Size 170 g,Reeses,Snacks & Candy,Candy & Chocolate,Individual Chocolates,9,"Snack, candy or soft drink",medium
198127,056600793132,Reese's Family Size Candy Bar 120 g,Reese's,Snacks & Candy,Candy & Chocolate,Chocolate Bars,9,"Snack, candy or soft drink",medium
1342574,056600782761,Reese's Mini Milk Chocolate Peanut Butter Cups 185 g,Reeses,Snacks & Candy,Candy & Chocolate,,9,"Snack, candy or soft drink",medium
526414,050255018008,Ritter Sport Chocolate Bar Alpine Milk 100 g,Ritter Sport,Snacks & Candy,Candy & Chocolate,Individual Chocolates,9,"Snack, candy or soft drink",medium
1319366,060410080443,Ruffles Potato Chips All Dressed Value Size 380 g,Ruffles,Snacks & Candy,Chips,Kettle Chips,9,"Snack, candy or soft drink",medium
1446857,060410087336,Ruffles Potato Chips Bar-B-Q Flavoured 200 g,Ruffles,Snacks & Candy,Chips,Cheese Flavoured Snacks,9,"Snack, candy or soft drink",medium
1446557,060410088180,Ruffles Potato Chips Hot Wings Flavour 180 g,Ruffles,Snacks & Candy,Chips,Cheese Flavoured Snacks,9,"Snack, candy or soft drink",medium
1446856,060410087275,Ruffles Potato Chips Regular Lightly Salted 200 g,Ruffles,Snacks & Candy,Chips,Cheese Flavoured Snacks,9,"Snack, candy or soft drink",medium
401916,859162007606,RxBar Protein Bar Blueberry Flavoured 52 g,RxBar,Snacks & Candy,"Energy, Granola & Cereal Bars",Pharmacy & Wellness,9,"Snack, candy or soft drink",medium
401921,859162007583,RxBar Protein Bar Chocolate Sea Salt 52 g,RxBar,Snacks & Candy,"Energy, Granola & Cereal Bars",Pharmacy & Wellness,9,"Snack, candy or soft drink",medium
401912,859162007620,RxBar Protein Bar Peanut Butter Chocolate 52 g,RxBar,Snacks & Candy,"Energy, Granola & Cereal Bars",Pharmacy & Wellness,9,"Snack, candy or soft drink",medium
845911,686207006153,Simply Protein Bar Dark Chocolate Almond 40 g,Simply Protein,Snacks & Candy,"Energy, Granola & Cereal Bars",Nutrition Bars & Bites,9,"Snack, candy or soft drink",medium
1313140,058496469023,Skittles Candy Original 170 g,Skittles,Snacks & Candy,Candy & Chocolate,Candy,9,"Snack, candy or soft drink",medium
1313088,058496469009,Skittles Candy Wild Berry 170 g,Skittles,Snacks & Candy,Candy & Chocolate,Candy,9,"Snack, candy or soft drink",medium
849853,058496460884,Skittles Gummy Candy Wild Berry Bag 164 g,Skittles,Snacks & Candy,Candy & Chocolate,Candy,9,"Snack, candy or soft drink",medium
395926,060410018989,Smartfood  Seasoned Popcorn White Cheddar Flavour (small bag) 50 g,Smartfood,Snacks & Candy,Popcorn,Ready to Eat Popcorn,9,"Snack, candy or soft drink",medium
652536,060410029947,Smartfood Seasoned Popcorn Jalapeño & Cheddar 180 g,Smartfood,Snacks & Candy,Popcorn,Ready to Eat Popcorn,9,"Snack, candy or soft drink",medium
652533,060410029909,Smartfood Seasoned Popcorn Movie Night Butter 150 g,Smartfood,Snacks & Candy,Popcorn,Ready to Eat Popcorn,9,"Snack, candy or soft drink",medium
755343,060410036068,Smartfood Seasoned Popcorn Sour Cream & Onion 175 g,Smartfood,Snacks & Candy,Popcorn,Ready to Eat Popcorn,9,"Snack, candy or soft drink",medium
652532,060410029886,Smartfood Seasoned Popcorn White Cheddar 200 g,Smartfood,Snacks & Candy,Popcorn,Ready to Eat Popcorn,9,"Snack, candy or soft drink",medium
1319353,060410080559,Smartfood Seasoned Popcorn White Cheddar Flavour Value Size 350 g,Smartfood,Snacks & Candy,Popcorn,Ready to Eat Popcorn,9,"Snack, candy or soft drink",medium
24675,057700018057,Sour Patch Kids Candy Original 315 g,SOUR PATCH KIDS,Snacks & Candy,Candy & Chocolate,Candy,9,"Snack, candy or soft drink",medium
111854,061522980010,SunRype Fruit To Go Vegan 100% Fruit Snack Apple Strawberry 14 g,SunRype,Snacks & Candy,Fruit Flavoured Snacks,,9,"Snack, candy or soft drink",medium
111662,061522990019,SunRype Fruit To Go Vegan 100% Fruit Snack Apple Wildberry 14 g,SunRype,Snacks & Candy,Fruit Flavoured Snacks,,9,"Snack, candy or soft drink",medium
guide-intl-001,,Deep Frozen Paratha (assorted varieties),Deep,Frozen International Foods,Product family guide — SKU not verified,Frozen Indian Foods,2,User-confirmed Aisle 2 product family; exact product SKU not verified,location-guide
guide-intl-002,,Deep Frozen Naan (assorted varieties),Deep,Frozen International Foods,Product family guide — SKU not verified,Frozen Indian Foods,2,Frozen naan: Aisle 2,location-guide
guide-intl-003,,Deep Frozen Vegetable Burger Patties,Deep,Frozen International Foods,Product family guide — SKU not verified,Frozen Indian Foods,2,User-confirmed Aisle 2 product family; exact product SKU not verified,location-guide
guide-intl-004,,Deep Frozen Indian Snacks and Samosas,Deep,Frozen International Foods,Product family guide — SKU not verified,Frozen Indian Foods,2,User-confirmed Aisle 2 product family; exact product SKU not verified,location-guide
guide-intl-005,,Deep Frozen Indian Meals (assorted varieties),Deep,Frozen International Foods,Product family guide — SKU not verified,Frozen Indian Foods,2,User-confirmed Aisle 2 product family; exact product SKU not verified,location-guide
guide-intl-006,,Ashoka Frozen Paratha and Flatbreads,Ashoka,Frozen International Foods,Product family guide — SKU not verified,Frozen Indian Foods,2,User-confirmed Aisle 2 product family; exact product SKU not verified,location-guide
guide-intl-007,,Ashoka Frozen Indian Meals,Ashoka,Frozen International Foods,Product family guide — SKU not verified,Frozen Indian Foods,2,User-confirmed Aisle 2 product family; exact product SKU not verified,location-guide
guide-intl-008,,Ashoka Frozen Snacks and Samosas,Ashoka,Frozen International Foods,Product family guide — SKU not verified,Frozen Indian Foods,2,User-confirmed Aisle 2 product family; exact product SKU not verified,location-guide
guide-intl-009,,Frozen Rasmalai (assorted brands),,Frozen International Foods,Product family guide — SKU not verified,Frozen Indian Foods,2,User-confirmed Aisle 2 product family; exact product SKU not verified,location-guide
guide-intl-010,,Frozen Kaju Katli (assorted brands),,Frozen International Foods,Product family guide — SKU not verified,Frozen Indian Foods,2,User-confirmed Aisle 2 product family; exact product SKU not verified,location-guide
guide-intl-011,,Frozen Indian Sweets (assorted varieties),,Frozen International Foods,Product family guide — SKU not verified,Frozen Indian Foods,2,User-confirmed Aisle 2 product family; exact product SKU not verified,location-guide
guide-intl-012,,Deep Roti (assorted varieties),Deep,Frozen International Foods,Product family guide — SKU not verified,Frozen Indian Foods,bakery,Roti: Bakery section,location-guide
